rt,subject,trial_type,size,probe,predicted,phon_sim,probe_phon_sim
6.24038696289062,64,IN,4,F,0.5328571428571429,0.15922363354357996,0.09622504486493764
2.99234008789062,64,OUT,6,G,0.5467857142857143,0.2501191076452096,0.29576064411493064
2.44973754882812,64,OUT,8,B,0.5263839285714285,0.3599201685119997,0.2939892667349012
1.80780029296875,64,IN,4,G,0.5474107142857143,0.3569401310833123,0.14907119849998599
1.90164184570312,64,IN,4,P,0.53125,0.0985887038467491,0.11111111111111115
1.95962524414062,64,IN,6,D,0.5372023809523809,0.22062673845056693,0.37320508075688774
1.88543701171875,64,IN,6,F,0.5317261904761905,0.2814728842831279,0.08944271909999159
1.88543701171875,64,IN,6,F,0.547797619047619,0.23594215377489794,0.14717774601895417
2.94610595703125,64,IN,6,H,0.5369047619047619,0.14920697037988165,0.12440169358562927
2.94485473632812,64,IN,6,F,0.5376785714285713,0.29340497785401853,0.14717774601895417
1.72671508789062,64,IN,6,D,0.534702380952381,0.36860693862105803,0.4626477998568793
1.64569091796875,64,IN,4,T,0.5098214285714285,0.463488902812718,0.47096647604213765
1.43539428710938,64,IN,4,H,0.5245535714285714,0.1036680779880244,0.11111111111111115
1.44256591796875,64,IN,4,Z,0.5411607142857142,0.12333409620738355,0.1721325931647741
1.52825927734375,64,IN,4,V,0.5111607142857143,0.0985887038467491,0.11111111111111115
1.52825927734375,64,IN,4,L,0.49214285714285716,0.2940947403223142,0.3957393909147531
2.62115478515625,64,IN,8,F,0.5240624999999999,0.24117817148891027,0.2535091235270834
1.8116455078125,64,OUT,4,R,0.5420535714285715,0.20871441826484885,0.44090284374857003
1.66574096679688,64,OUT,4,K,0.5441071428571428,0.1517806004204932,0.08333333333333336
1.77783203125,64,IN,4,G,0.5292857142857144,0.3181478449190703,0.26698568897986824
1.82846069335938,64,OUT,4,P,0.530625,0.2824045318333193,0.14433756729740646
1.34478759765625,64,IN,4,K,0.5289285714285715,0.1731243030967421,0.11111111111111115
1.55484008789062,64,IN,6,P,0.5336309523809523,0.3101395587522819,0.0
1.70333862304688,64,IN,4,K,0.5575892857142857,0.15991592130745833,0.09622504486493764
1.36404418945312,64,IN,6,R,0.5366071428571428,0.152458573439085,0.19964069339829246
1.36404418945312,64,IN,6,C,0.5430952380952381,0.3686069386210581,0.3465943491321799
1.391845703125,64,OUT,4,S,0.545625,0.25544867840851765,0.2165063509461097
2.10336303710938,64,IN,6,V,0.5251785714285715,0.23386200017165443,0.0
1.10894775390625,64,IN,4,C,0.5159821428571428,0.47022786750765316,0.5406694893093822
2.31317138671875,64,OUT,4,C,0.5283035714285714,0.33136253994731063,0.3755539564008634
2.4771728515625,64,OUT,8,G,0.5375446428571429,0.38046320878242146,0.27948609126184637
1.91018676757812,64,IN,6,B,0.5501785714285714,0.16547005383792518,0.20773502691896256
1.6434326171875,64,OUT,6,V,0.5473809523809524,0.2620848658689528,0.14433756729740646
1.99920654296875,64,IN,6,F,0.5394047619047619,0.2227333015745097,0.35209051895687093
1.58938598632812,64,OUT,4,D,0.5361607142857143,0.37300564528543084,0.6636751345948129
2.45687866210938,64,OUT,4,H,0.5454464285714287,0.14433756729740646,0.1555021169820366
2.24807739257812,64,IN,6,T,0.5254166666666666,0.43176361543121256,0.5403149125442452
1.42938232421875,64,IN,6,N,0.5304166666666666,0.2081005715344798,0.3010824970494238
1.908935546875,64,OUT,6,T,0.5202976190476191,0.39511048306492086,0.4858525422883111
1.88589477539062,64,IN,6,F,0.5317261904761905,0.2814728842831279,0.08944271909999159
1.88589477539062,64,IN,6,F,0.547797619047619,0.23594215377489794,0.14717774601895417
1.61343383789062,64,OUT,4,B,0.5242857142857142,0.14162185213794262,0.05590169943749474
1.56887817382812,64,IN,6,G,0.5363095238095238,0.23511393375382653,0.26547005383792516
2.63287353515625,64,IN,8,S,0.5366517857142856,0.24132399443882566,0.32669225671919655
2.10806274414062,64,OUT,4,G,0.5535714285714286,0.24598221788984534,0.24340169943749473
1.79119873046875,64,OUT,8,B,0.5271874999999999,0.277883723255032,0.2939892667349012
1.73858642578125,64,IN,4,P,0.5293749999999999,0.6691238130033305,0.7033474465469105
1.46905517578125,64,OUT,4,Z,0.5461607142857142,0.3569401310833123,0.33036767339586437
1.62750244140625,64,OUT,8,F,0.5263839285714286,0.27294334866378245,0.2416377906993411
1.22454833984375,64,IN,6,V,0.5216071428571428,0.2635907381540213,0.0
1.361572265625,64,OUT,4,C,0.5294642857142857,0.12333409620738355,0.30338517275216026
2.51394653320312,64,IN,8,Z,0.5317410714285714,0.24536066171613133,0.32525892783499105
1.18759155273438,64,OUT,6,H,0.5285119047619047,0.3007178932561155,0.1036680779880244
1.15478515625,64,OUT,4,S,0.5270535714285713,0.1971774076934982,0.38421144925859396
1.01327514648438,64,OUT,8,Z,0.5260267857142857,0.375844430709555,0.22563411426114194
1.69696044921875,64,IN,4,G,0.5388392857142856,0.7117876570272818,0.6924500897298752
1.27725219726562,64,IN,6,P,0.5075595238095238,0.18132734954635768,0.06666666666666668
0.924224853515625,64,OUT,4,S,0.5052678571428572,0.3305107410268315,0.4075789802736717
1.01568603515625,64,OUT,6,G,0.5127380952380952,0.36490427165784584,0.19953559924999298
1.14349365234375,64,IN,4,L,0.5447321428571429,0.24529624336492362,0.29814239699997197
0.963592529296875,64,IN,4,F,0.5499107142857143,0.20294906959865186,0.14907119849998599
4.03466796875,64,IN,6,D,0.5321428571428571,0.32836176536952955,0.49641016151377554
0.931304931640625,64,OUT,8,B,0.5402232142857143,0.2277938119218999,0.2579048749105496
1.02163696289062,64,OUT,4,V,0.5040178571428571,0.33051074102683153,0.0
1.36895751953125,64,OUT,4,P,0.5409821428571429,0.32559087804215703,0.2276709006307398
2.52218627929688,64,IN,4,F,0.5324107142857143,0.2073361559760488,0.1924500897298753
1.56475830078125,64,IN,4,T,0.5307142857142857,0.22867985865229765,0.30828851880460933
1.04751586914062,64,OUT,8,S,0.5345535714285714,0.18985147546181666,0.35319011645364856
1.53549194335938,64,IN,4,L,0.5208928571428572,0.14093587761302087,0.07453559924999299
0.97064208984375,64,OUT,4,Z,0.5499107142857143,0.20294906959865186,0.3679348951889505
0.97064208984375,64,OUT,4,S,0.5317857142857143,0.40505265351578107,0.5434386403648955
1.239013671875,64,OUT,4,D,0.5188392857142856,0.26933756729740643,0.2790063509461097
2.79598999023438,64,OUT,8,N,0.5270535714285715,0.24197379131392774,0.2999799595308794
1.40496826171875,64,OUT,6,P,0.5608928571428572,0.2779327370459666,0.3367876570272817
1.39996337890625,64,OUT,4,B,0.5394642857142857,0.17820367723801736,0.12807048308619798
1.12677001953125,64,OUT,6,L,0.5361309523809523,0.44354580032507945,0.2824045318333193
1.30337524414062,64,IN,4,B,0.5189285714285714,0.3181478449190703,0.26698568897986824
1.3465576171875,64,IN,6,S,0.5363690476190477,0.1852478394181903,0.24963413248791255
1.23272705078125,64,IN,8,P,0.5137946428571429,0.2529042823185473,0.2665750576834913
0.859375,64,IN,8,T,0.5234821428571428,0.25567048795166036,0.29272712142077545
0.82861328125,64,IN,4,F,0.5513392857142857,0.22122504486493763,0.25
2.83816528320312,64,IN,6,N,0.5320833333333334,0.2895498769182,0.352722274998856
1.52932739257812,64,IN,4,L,0.49214285714285716,0.2940947403223142,0.3957393909147531
1.97262573242188,64,OUT,8,S,0.5295982142857143,0.213122844384025,0.3697082737855391
1.62350463867188,64,OUT,8,H,0.5358035714285714,0.309195617432565,0.1138354503153699
1.24404907226562,64,OUT,4,T,0.5307142857142857,0.42925348860486473,0.5920603073469731
1.5634765625,64,OUT,6,D,0.5301190476190475,0.1712456192722277,0.37029624336492367
1.19821166992188,64,OUT,6,S,0.5404166666666667,0.21453401477661918,0.42280763283906264
1.19821166992188,64,OUT,6,V,0.54625,0.2634477287128337,0.09622504486493764
1.52713012695312,64,OUT,8,C,0.5470535714285714,0.2666190135917367,0.20888728973419673
1.17422485351562,64,OUT,8,T,0.5500892857142857,0.31931956297443076,0.3532248570316032
1.1761474609375,64,OUT,8,R,0.5300892857142858,0.27282665781987864,0.3558816589683741
1.558349609375,64,IN,8,B,0.5220089285714287,0.27602645503776,0.3452832101034348
1.90304565429688,64,OUT,8,K,0.5221875,0.20688017036873255,0.11941772515768498
1.041748046875,64,IN,6,R,0.5397619047619048,0.18335909920286778,0.18580385659941961
1.42373657226562,64,OUT,4,P,0.545625,0.19718372093245481,0.14433756729740646
1.3829345703125,64,OUT,4,F,0.5149107142857142,0.3242307096565868,0.29930339887498947
1.139404296875,64,OUT,4,P,0.5139285714285714,0.24800564528543087,0.1666666666666667
3.10299682617188,64,IN,8,G,0.53,0.31657185626322965,0.40189128561205667
1.4259033203125,64,OUT,4,K,0.5458035714285715,0.27442872210295505,0.08333333333333336
1.3887939453125,64,OUT,6,F,0.5099404761904762,0.23987174742355447,0.22122504486493763
1.65145874023438,64,OUT,6,H,0.5423809523809524,0.29917835631819434,0.1036680779880244
1.62594604492188,64,OUT,8,Z,0.5310267857142857,0.27549167340352476,0.2714002258013891
1.30535888671875,64,OUT,4,H,0.5285714285714285,0.3035612008409864,0.07216878364870323
1.90924072265625,64,IN,8,V,0.5384375,0.2206043235094399,0.04761904761904763
1.3277587890625,64,IN,4,V,0.5469642857142857,0.21379379240612417,0.0
1.10565185546875,64,IN,4,R,0.5289285714285714,0.36557439282661736,0.23513749508237303
1.91415405273438,64,OUT,6,D,0.5432142857142858,0.2501191076452096,0.3221837209324548
1.1739501953125,64,OUT,4,R,0.5454464285714286,0.6210112905708617,0.2968045431860648
1.45126342773438,64,IN,4,S,0.5424107142857143,0.14433756729740646,0.1924500897298753
1.25979614257812,64,OUT,4,S,0.5203571428571427,0.3638440743601649,0.3120426656098907
1.65530395507812,64,IN,8,P,0.5214732142857144,0.27134706015763027,0.22533575274137516
1.1302490234375,64,IN,4,R,0.5047321428571429,0.2940947403223142,0.3957393909147531
1.1302490234375,64,IN,4,B,0.5330357142857143,0.19718372093245481,0.24340169943749473
1.12710571289062,64,OUT,4,K,0.5335714285714286,0.36847082841570633,0.08333333333333336
1.74609375,64,IN,6,C,0.5351785714285714,0.3283617653695295,0.3065384140902211
1.37918090820312,64,IN,8,V,0.5222767857142857,0.25228361754945683,0.08885835256116377
1.41424560546875,64,OUT,4,P,0.538125,0.3305170542657881,0.2276709006307398
1.30706787109375,64,IN,6,T,0.540952380952381,0.27646392137738307,0.3403149125442452
1.45339965820312,64,OUT,8,H,0.5259375,0.3480154066072378,0.1138354503153699
1.5386962890625,64,IN,4,G,0.5228571428571429,0.25682694069731765,0.05590169943749474
1.5386962890625,64,IN,4,T,0.5155357142857143,0.1924500897298753,0.2886751345948129
1.19195556640625,64,IN,4,N,0.535625,0.18160536692240295,0.07453559924999299
1.13131713867188,64,OUT,4,B,0.5330357142857143,0.19718372093245481,0.24340169943749473
5.1287841796875,64,IN,8,L,0.5263392857142857,0.3101274476812385,0.36623019642775434
1.1942138671875,64,IN,4,S,0.5317857142857143,0.4050526535157812,0.5434386403648955
1.18014526367188,64,IN,6,R,0.5219642857142857,0.37709914353715973,0.39744363454885184
1.226318359375,64,OUT,4,S,0.5358928571428572,0.2078689325833263,0.4075789802736717
1.7027587890625,64,OUT,8,G,0.5306249999999999,0.3337099914959913,0.4238236585592528
1.36517333984375,64,OUT,6,C,0.5430952380952381,0.3686069386210581,0.3465943491321799
1.22137451171875,64,OUT,6,K,0.5212499999999999,0.26887190389960813,0.2554486784085176
3.06381225585938,64,OUT,6,V,0.5348809523809525,0.19325725614712158,0.1517806004204932
1.22015380859375,64,OUT,6,K,0.5212499999999999,0.26887190389960813,0.2554486784085176
1.22015380859375,64,OUT,6,C,0.5265476190476189,0.23032279375670203,0.25273296324905375
1.01315307617188,64,OUT,6,D,0.5249404761904762,0.2652050885593751,0.16431478834912847
2.48370361328125,64,IN,8,K,0.5506249999999999,0.29133847457542217,0.21257626738751215
1.21881103515625,64,IN,4,T,0.5225892857142858,0.25106159203112066,0.1822913414473247
1.09255981445312,64,IN,4,C,0.5339285714285714,0.46469587328064393,0.3645826828946494
1.09255981445312,64,IN,4,S,0.5238392857142857,0.2510615920311206,0.41605688747985425
2.87106323242188,64,OUT,8,N,0.5249107142857142,0.25051237398737763,0.35272628309268017
1.29312133789062,64,IN,6,Z,0.5228571428571428,0.28860660029560203,0.2732257784643956
1.22705078125,64,IN,8,G,0.5290625,0.24139068076004624,0.3040439051613187
1.22705078125,64,IN,8,Z,0.5370089285714286,0.23990991150665855,0.20126822852228382
1.00704956054688,64,IN,4,K,0.5447321428571428,0.2559814550157951,0.09622504486493764
1.76248168945312,64,IN,8,C,0.5317857142857143,0.21852241847967538,0.2209820034774249
2.07254028320312,64,IN,6,C,0.5433928571428571,0.16113687698064552,0.10937480486839482
1.13299560546875,64,OUT,4,T,0.5409821428571429,0.1517806004204932,0.2998396842794431
1.28695678710938,64,IN,6,K,0.5388690476190476,0.19106836025229595,0.06666666666666668
1.07232666015625,64,OUT,4,D,0.5416964285714285,0.13349284448993412,0.3714721825236927
2.48291015625,64,IN,8,K,0.5506249999999999,0.29133847457542217,0.21257626738751215
2.48291015625,64,IN,8,V,0.5336607142857143,0.2845189104535046,0.1237179148263484
1.07427978515625,64,OUT,4,K,0.5352678571428572,0.261906314838593,0.1555021169820366
1.195556640625,64,OUT,8,V,0.5236607142857144,0.26729320706988946,0.04166666666666668
1.195556640625,64,OUT,8,R,0.5214732142857142,0.22723983347403007,0.33657883224892227
1.11367797851562,64,IN,4,C,0.5439285714285713,0.3387937924061242,0.27851638631226233
1.11367797851562,64,IN,4,N,0.5214285714285714,0.27442872210295505,0.3118033988749895
0.943389892578125,64,IN,4,B,0.5483035714285714,0.3655626121623441,0.538675134594813
0.98211669921875,64,IN,4,D,0.5449999999999999,0.3330284437399271,0.49529624336492367
1.80715942382812,64,IN,6,R,0.5361309523809523,0.4435458003250795,0.17888543819998318
1.30929565429688,64,OUT,4,F,0.4983035714285714,0.2510615920311206,0.3714721825236927
1.10025024414062,64,OUT,6,K,0.5307142857142857,0.21250226512010909,0.1036680779880244
1.06491088867188,64,IN,4,Z,0.5118750000000001,0.24800564528543081,0.1924500897298753
1.29849243164062,64,IN,6,D,0.5455952380952381,0.32755239441129536,0.5281178536948046
1.13739013671875,64,IN,4,F,0.5391964285714286,0.2073361559760488,0.1924500897298753
1.3336181640625,64,OUT,4,P,0.5261607142857143,0.45164068940900437,0.3110042339640732
0.977783203125,64,IN,4,D,0.531875,0.4275412640416421,0.2324045318333193
0.977783203125,64,IN,4,R,0.5183928571428571,0.11111111111111115,0.12909944487358058
0.977783203125,64,IN,4,T,0.5229464285714287,0.3035612008409864,0.4146723119520976
1.18280029296875,64,OUT,4,T,0.5371428571428571,0.24800564528543087,0.08333333333333336
1.07150268554688,64,IN,4,D,0.5416964285714285,0.13349284448993412,0.3714721825236927
1.07150268554688,64,IN,4,C,0.5499107142857143,0.2029490695986518,0.1822913414473247
1.22360229492188,64,OUT,8,S,0.5338392857142857,0.2892808152154093,0.30720827378553905
1.22360229492188,64,OUT,8,L,0.5384375,0.2206043235094399,0.3293446407495884
2.41311645507812,64,IN,6,H,0.5280952380952382,0.14052866683832116,0.13333333333333336
1.07037353515625,64,IN,6,Z,0.5435714285714286,0.24542730297910997,0.18213672050459184
1.44540405273438,64,IN,8,Z,0.5295982142857143,0.28240990314685077,0.26657505768349127
1.03558349609375,64,OUT,8,L,0.5373214285714285,0.2840524907435268,0.4322548207492745
1.4578857421875,64,IN,4,K,0.5233928571428572,0.3035612008409864,0.3035612008409864
2.15377807617188,64,OUT,8,C,0.5321428571428571,0.3549733922277137,0.28663834822521506
2.437744140625,64,OUT,8,T,0.5286607142857143,0.20980888075029844,0.30161242851580167
0.972686767578125,64,IN,4,H,0.549375,0.14433756729740646,0.09622504486493764
0.96380615234375,64,IN,6,G,0.5279166666666667,0.3841398560994147,0.4126477998568793
2.04006958007812,64,IN,6,D,0.5407738095238095,0.2484045162283447,0.38094010767585035
0.825927734375,64,IN,8,G,0.5373660714285714,0.28870022908958637,0.2947484284691995
1.09823608398438,64,OUT,6,S,0.5385119047619047,0.1712456192722277,0.3679443650473854
1.239990234375,64,OUT,8,V,0.5172767857142857,0.21878493227349446,0.0777510584910183
0.99652099609375,64,OUT,6,C,0.5308333333333333,0.31787206037566185,0.30084548568152264
4.61825561523438,64,IN,8,F,0.5429910714285715,0.26024161409708374,0.16901461794210412
2.38845825195312,64,IN,6,B,0.5499999999999999,0.2716495408063068,0.23944271909999157
1.17218017578125,64,OUT,6,H,0.5283928571428571,0.44218983671703455,0.04811252243246882
1.12994384765625,64,IN,8,V,0.5346875,0.19268184298809182,0.1300976575032799
0.784912109375,64,IN,6,G,0.5439285714285714,0.23566776396492925,0.16019141338792095
1.2056884765625,64,OUT,4,S,0.5297321428571429,0.15922363354357996,0.2886751345948129
1.04638671875,64,IN,4,P,0.5020535714285714,0.3569401310833123,0.0
1.04638671875,64,IN,4,F,0.5303571428571429,0.19989312285296204,0.2886751345948129
1.58462524414062,64,IN,6,V,0.5442261904761905,0.19189186800765803,0.06666666666666668
1.47671508789062,64,IN,4,C,0.528125,0.28832939165611715,0.27851638631226233
1.57656860351562,64,OUT,6,L,0.5382142857142856,0.2647518376852395,0.4587710134578462
2.09368896484375,64,IN,6,T,0.5014285714285714,0.21031336922528351,0.3244016935856293
0.855987548828125,64,OUT,4,Z,0.56375,0.20294906959865186,0.3679348951889505
0.9105224609375,64,OUT,4,L,0.5291071428571429,0.0985887038467491,0.26454972243679026
1.1474609375,64,IN,6,T,0.5294642857142857,0.2389985720026799,0.352082943070123
0.971893310546875,64,IN,4,H,0.549375,0.14433756729740646,0.09622504486493764
0.971893310546875,64,IN,4,S,0.5317857142857143,0.40505265351578107,0.5434386403648955
1.12298583984375,64,OUT,8,C,0.5401785714285714,0.37069019401025016,0.3016124285158016
1.20697021484375,64,IN,8,V,0.5079464285714286,0.2309836832603657,0.08885835256116377
0.8990478515625,64,IN,4,V,0.5225892857142858,0.19718372093245481,0.09622504486493764
1.38162231445312,64,IN,8,G,0.5310714285714286,0.1999312932626185,0.20619652471058064
0.957794189453125,64,IN,4,F,0.5333035714285714,0.14433756729740646,0.09622504486493764
0.957794189453125,64,IN,4,C,0.5449999999999999,0.3330284437399271,0.28105607338289995
0.957794189453125,64,IN,4,P,0.5228571428571429,0.25682694069731765,0.0
1.4127197265625,64,IN,6,D,0.5416666666666666,0.2849375979852423,0.44435549203790836
0.995635986328125,64,OUT,4,F,0.5129464285714286,0.3364419140885859,0.29930339887498947
0.944854736328125,64,OUT,6,Z,0.5307738095238095,0.3077240003433089,0.4248655564138279
0.944854736328125,64,OUT,6,R,0.5290476190476191,0.2026041081758553,0.28816988049951636
1.22634887695312,64,IN,8,G,0.5290625,0.24139068076004624,0.3040439051613187
1.22634887695312,64,IN,8,H,0.5288839285714286,0.29087710372156156,0.04123930494211613
1.22634887695312,64,IN,8,Z,0.5370089285714286,0.23990991150665855,0.20126822852228382
0.99029541015625,64,IN,6,L,0.5413690476190475,0.45353888351838223,0.5058038565994196
1.03604125976562,64,IN,4,G,0.5217857142857143,0.24800564528543081,0.2886751345948129
1.11392211914062,64,OUT,4,C,0.5439285714285713,0.3387937924061242,0.27851638631226233
1.11392211914062,64,OUT,4,N,0.5214285714285714,0.27442872210295505,0.3118033988749895
2.13934326171875,64,IN,8,D,0.5295535714285715,0.3337099914959913,0.523593304737658
1.105712890625,64,IN,6,C,0.5430357142857143,0.20057235851934518,0.24270813820172815
0.998748779296875,64,IN,4,G,0.5375000000000001,0.12841347034865883,0.17076064411493064
1.03176879882812,64,IN,6,P,0.5233333333333333,0.3138085610626416,0.1666666666666667
1.03176879882812,64,IN,6,V,0.525892857142857,0.14853589659712577,0.0
0.8450927734375,64,IN,8,P,0.5264285714285715,0.2266225419580198,0.26657505768349127
1.30789184570312,64,OUT,8,Z,0.5292410714285714,0.2300690294091659,0.25613623124317847
1.109619140625,64,OUT,6,R,0.5453571428571428,0.2761917185375411,0.36847082841570633
1.1396484375,64,IN,6,V,0.537797619047619,0.2058557112350587,0.11547005383792516
1.1396484375,64,IN,6,P,0.5208333333333334,0.3842938745453947,0.11111111111111115
1.1983642578125,64,OUT,6,S,0.5404166666666667,0.21453401477661918,0.42280763283906264
1.1983642578125,64,OUT,6,V,0.54625,0.2634477287128337,0.09622504486493764
1.35598754882812,64,OUT,4,N,0.5452678571428571,0.36847082841570633,0.5763531213117797
1.42376708984375,64,OUT,8,H,0.5416071428571428,0.3485156845132266,0.0777510584910183
1.00494384765625,64,OUT,4,K,0.5416964285714285,0.37878277461590115,0.2276709006307398
1.2244873046875,64,IN,8,L,0.5384375,0.2206043235094399,0.3293446407495884
1.10809326171875,64,OUT,6,R,0.5453571428571428,0.2761917185375411,0.36847082841570633
1.10809326171875,64,OUT,6,P,0.5212499999999999,0.2813389786187642,0.35167372327345525
0.836761474609375,64,IN,4,G,0.5602678571428571,0.31133899812498245,0.324535599249993
1.85281372070312,64,OUT,6,F,0.5255357142857142,0.5407163087827417,0.07453559924999299
1.04156494140625,64,OUT,8,Z,0.528125,0.22875563251456815,0.29780289790984515
0.962158203125,64,OUT,4,F,0.5499107142857143,0.20294906959865186,0.14907119849998599
0.962158203125,64,OUT,4,V,0.5454464285714287,0.14433756729740646,0.0
0.962158203125,64,OUT,4,D,0.5419642857142857,0.6210112905708617,0.7311252243246882
0.871429443359375,64,OUT,4,S,0.5415178571428572,0.38114096617239596,0.23020509831248423
1.20980834960938,64,OUT,4,L,0.5511607142857143,0.17076064411493064,0.3118033988749895
1.18954467773438,64,OUT,6,V,0.5235714285714286,0.4472079033996032,0.04811252243246882
1.34271240234375,64,IN,8,P,0.5265625,0.2185698985742999,0.2538155723296283
0.921112060546875,64,OUT,6,L,0.5179761904761905,0.2560842223938767,0.3716397779494322
1.27093505859375,64,IN,4,L,0.5232142857142856,0.41657703760921855,0.43879925983144075
1.06655883789062,64,OUT,4,F,0.5266071428571428,0.25544867840851765,0.14433756729740646
1.24948120117188,64,OUT,6,N,0.5263690476190477,0.27360395169980156,0.26663994604117247
1.4176025390625,64,OUT,8,F,0.5352232142857143,0.27653295339100536,0.2579048749105496
2.24960327148438,64,OUT,4,H,0.5178571428571429,0.24021055598469174,0.08333333333333336
1.648681640625,64,IN,4,L,0.5328571428571428,0.21939962991572037,0.3527329632490537
0.978118896484375,64,OUT,4,R,0.5183928571428571,0.11111111111111115,0.12909944487358058
0.978118896484375,64,OUT,4,T,0.5229464285714287,0.3035612008409864,0.4146723119520976
1.06024169921875,64,IN,8,V,0.5360267857142857,0.24567891529391517,0.1300976575032799
2.01531982421875,64,OUT,4,D,0.5322321428571428,0.4350188372710618,0.7033097498210992
0.92828369140625,64,IN,4,G,0.5220535714285715,0.2078689325833263,0.14907119849998599
0.92828369140625,64,IN,4,C,0.5547321428571428,0.14433756729740646,0.1924500897298753
1.4095458984375,64,OUT,8,G,0.5265625,0.33044855681300633,0.31557048308619795
1.09323120117188,64,IN,4,S,0.5238392857142857,0.2510615920311206,0.41605688747985425
1.626708984375,64,OUT,6,S,0.5248214285714287,0.348829153040793,0.20158258797412495
1.08035278320312,64,IN,4,N,0.5427678571428571,0.38114096617239596,0.22360679774997896
1.68142700195312,64,IN,6,T,0.5282738095238094,0.21107525948813188,0.30327955589886446
1.11297607421875,64,OUT,6,H,0.5326785714285714,0.2516586445831307,0.11111111111111115
1.16323852539062,64,OUT,6,T,0.5266071428571428,0.24542730297911003,0.4627848343845664
1.1383056640625,64,OUT,8,F,0.5170089285714285,0.26598031418718937,0.2777221825236927
1.43267822265625,64,IN,6,T,0.516547619047619,0.256001245971829,0.3581781920396533
1.1265869140625,64,IN,8,V,0.5372321428571429,0.21047112793287479,0.08247860988423227
1.07623291015625,64,IN,8,T,0.5236607142857143,0.29729085552780316,0.4442917628058188
0.910003662109375,64,IN,4,L,0.5291071428571429,0.0985887038467491,0.26454972243679026
0.907867431640625,64,OUT,4,B,0.5444642857142857,0.378629576698257,0.11180339887498948
1.04708862304688,64,IN,4,F,0.5303571428571429,0.19989312285296204,0.2886751345948129
0.957855224609375,64,OUT,4,F,0.5333035714285714,0.14433756729740646,0.09622504486493764
0.957855224609375,64,OUT,4,C,0.5449999999999999,0.3330284437399271,0.28105607338289995
0.957855224609375,64,OUT,4,P,0.5228571428571429,0.25682694069731765,0.0
1.90371704101562,64,IN,4,G,0.5308928571428572,0.13349284448993412,0.26698568897986824
1.01995849609375,64,OUT,4,R,0.5550892857142857,0.22122504486493763,0.4086079420610543
1.13983154296875,64,OUT,6,V,0.537797619047619,0.2058557112350587,0.11547005383792516
1.13983154296875,64,OUT,6,P,0.5208333333333334,0.3842938745453947,0.11111111111111115
0.960357666015625,64,OUT,4,L,0.5550892857142857,0.22122504486493763,0.4086079420610543
0.960357666015625,64,OUT,4,G,0.52375,0.0985887038467491,0.2002392667349012
1.04827880859375,64,IN,8,R,0.5263839285714286,0.2518146734114205,0.27400485553569925
1.242431640625,64,OUT,8,D,0.5368303571428572,0.1822250222115081,0.3829048749105496
1.17669677734375,64,IN,6,G,0.5223214285714286,0.1847150628109127,0.11547005383792516
1.50161743164062,64,OUT,8,H,0.5420089285714286,0.3090573677668253,0.0777510584910183
0.864593505859375,64,IN,8,D,0.5371428571428571,0.28543342278436684,0.34004513158495525
0.854522705078125,64,OUT,4,Z,0.56375,0.20294906959865186,0.3679348951889505
0.854522705078125,64,OUT,4,L,0.5517857142857143,0.14433756729740646,0.2968045431860648
2.40423583984375,64,OUT,4,F,0.52625,0.24800564528543081,0.14433756729740646
0.685943603515625,64,IN,6,K,0.5314880952380953,0.3479446868729679,0.05773502691896258
1.19546508789062,64,OUT,8,V,0.5236607142857144,0.26729320706988946,0.04166666666666668
1.19546508789062,64,OUT,8,R,0.5214732142857142,0.22723983347403007,0.33657883224892227
2.642333984375,64,IN,8,T,0.5104910714285715,0.2778047678721172,0.3815854739819392
1.235107421875,64,IN,6,F,0.5292857142857142,0.44010623242488534,0.32888543819998317
1.235107421875,64,IN,6,N,0.5441666666666666,0.31684486650880733,0.44877177633189635
1.261474609375,64,IN,8,F,0.5345535714285714,0.36297634444190663,0.38128443652707134
0.808349609375,64,OUT,4,P,0.5328571428571429,0.21939962991572037,0.08333333333333336
1.22030639648438,64,IN,8,P,0.5286607142857143,0.2671657415215485,0.22533575274137516
1.82839965820312,64,IN,6,K,0.5370238095238095,0.21642275499194172,0.05773502691896258
0.96136474609375,64,OUT,8,C,0.5194196428571429,0.3003279970639326,0.252326700637222
0.96136474609375,64,OUT,8,K,0.5306696428571429,0.31766516118955435,0.11941772515768498
4.96380615234375,63,IN,4,R,0.5279464285714286,0.2029490695986518,0.309673094332366
3.31796264648438,63,OUT,4,P,0.525982142857143,0.12264812168246181,0.2276709006307398
2.3988037109375,63,IN,6,R,0.5161904761904762,0.27179255024749444,0.3388854381999832
2.42364501953125,63,OUT,4,F,0.5134821428571428,0.378629576698257,0.22360679774997896
1.76071166992188,63,IN,8,P,0.5213392857142858,0.24872296368246555,0.31419410530253894
4.3363037109375,63,OUT,8,P,0.5304910714285715,0.2682956103177228,0.1555021169820366
1.5113525390625,63,IN,4,R,0.5349999999999999,0.21939962991572037,0.3527329632490537
1.42889404296875,63,IN,8,N,0.5302678571428572,0.38025172958208725,0.48906378199957334
1.25970458984375,63,IN,6,S,0.5198214285714285,0.15883073751416674,0.24963413248791255
3.07025146484375,63,OUT,6,G,0.5169047619047619,0.23791481123447702,0.21887316654739944
3.1317138671875,63,OUT,4,L,0.5307142857142857,0.22867985865229765,0.3763531213117798
2.26779174804688,63,IN,6,N,0.5592857142857143,0.2349375979852423,0.3458038565994196
3.41973876953125,63,OUT,6,R,0.5439880952380952,0.32899007072260894,0.5075695104152367
1.84625244140625,63,IN,4,P,0.5346428571428571,0.14433756729740646,0.1924500897298753
2.50152587890625,63,IN,6,Z,0.5150595238095238,0.34525786644636175,0.3886958323023208
1.25796508789062,63,IN,8,F,0.5345089285714285,0.27747556775707755,0.1876055713263424
1.22952270507812,63,IN,6,P,0.5311904761904762,0.18105295973638894,0.18213672050459184
3.49554443359375,63,OUT,6,C,0.5369642857142858,0.17835013629712296,0.2022567818347735
1.66470336914062,63,OUT,4,K,0.5461607142857143,0.3569401310833123,0.14433756729740646
2.06451416015625,63,IN,6,B,0.5151190476190476,0.2145340147766192,0.2756614672258461
1.17837524414062,63,IN,4,R,0.5351785714285715,0.19718372093245481,0.29814239699997197
1.69146728515625,63,IN,6,R,0.5223214285714285,0.4806550120448227,0.6021649940988476
2.71041870117188,63,OUT,8,T,0.5453125,0.2377330368746835,0.3699716815585484
2.92413330078125,63,OUT,4,V,0.56375,0.2029490695986518,0.14433756729740646
1.06329345703125,63,IN,4,T,0.5255357142857143,0.25544867840851765,0.3035612008409864
1.3642578125,63,IN,6,D,0.5160119047619047,0.27680622541894856,0.34435549203790833
2.0184326171875,63,OUT,6,K,0.53875,0.3593983837678027,0.2554486784085176
2.0184326171875,63,OUT,6,S,0.5285714285714286,0.14553762974406595,0.3042534886048648
1.95962524414062,63,OUT,4,G,0.5245535714285714,0.1036680779880244,0.1875
2.18118286132812,63,OUT,6,T,0.5233333333333333,0.42547350238485543,0.4302969867327555
1.23065185546875,63,IN,8,P,0.538705357142857,0.22505926282285713,0.30143461994867593
1.93234252929688,63,OUT,4,V,0.5289285714285714,0.1731243030967421,0.14433756729740646
1.89791870117188,63,IN,8,C,0.5363392857142857,0.26670067464849,0.1974890261826802
1.89791870117188,63,IN,8,T,0.5474553571428571,0.18396695242179564,0.3016124285158016
0.913116455078125,63,IN,4,S,0.5261607142857143,0.3655626121623441,0.0
1.20016479492188,63,IN,8,S,0.5388392857142857,0.27855660362170803,0.36240654243348225
1.26678466796875,63,IN,6,K,0.512202380952381,0.23675623699884144,0.24880338717125855
2.04672241210938,63,OUT,4,N,0.5270535714285715,0.23680339887498947,0.3677050983124842
3.15060424804688,63,OUT,8,C,0.5318303571428571,0.34736528696601804,0.252326700637222
2.44369506835938,63,OUT,6,T,0.5305952380952381,0.1876922760601474,0.3665597895196287
1.9559326171875,63,OUT,8,C,0.5358035714285714,0.2872386660627947,0.2505539564008634
2.01834106445312,63,OUT,6,K,0.53875,0.3593983837678027,0.2554486784085176
2.01834106445312,63,OUT,6,S,0.5285714285714286,0.14553762974406595,0.3042534886048648
2.09561157226562,63,OUT,6,N,0.5039285714285715,0.24000784005804485,0.3742361770819034
1.24737548828125,63,IN,4,Z,0.5058928571428571,0.08606629658238706,0.1721325931647741
1.416748046875,63,OUT,4,S,0.5550892857142857,0.2693375672974065,0.20683756729740646
1.416748046875,63,OUT,4,R,0.5475892857142857,0.34860679774997894,0.4472135954999579
1.38568115234375,63,IN,6,N,0.5125000000000001,0.34768630007565904,0.3905252161494154
1.08352661132812,63,IN,4,F,0.5315178571428572,0.3305170542657881,0.39436744186490963
3.35418701171875,63,OUT,4,P,0.5453571428571429,0.28560189583238,0.36084391824351614
2.50765991210938,63,OUT,4,B,0.53125,0.0985887038467491,0.34457683403230766
1.20559692382812,63,IN,4,K,0.5178571428571428,0.24021055598469174,0.0
1.27740478515625,63,IN,4,N,0.5429464285714286,0.13349284448993412,0.07453559924999299
1.1435546875,63,IN,4,N,0.5553571428571429,0.20802844373992713,0.22360679774997896
1.1435546875,63,IN,4,L,0.5415178571428572,0.20802844373992713,0.22360679774997896
2.2452392578125,63,OUT,4,V,0.5174107142857143,0.1890484000454897,0.08333333333333336
1.35552978515625,63,IN,4,K,0.5385714285714286,0.12264812168246181,0.09622504486493764
2.0284423828125,63,OUT,6,F,0.5275595238095239,0.2541800816626472,0.19718372093245481
3.28744506835938,63,OUT,6,R,0.5213690476190477,0.13429985052988302,0.21363428124952336
1.32244873046875,63,IN,8,B,0.54,0.2868427796265344,0.2628046002192025
2.86151123046875,63,OUT,4,F,0.5188392857142856,0.08606629658238706,0.3283097498210992
2.86151123046875,63,OUT,4,V,0.5411607142857143,0.2554486784085176,0.3035612008409864
2.01364135742188,63,IN,6,T,0.5275595238095238,0.3639515705038292,0.47648463665575225
0.803863525390625,63,IN,8,K,0.5208482142857143,0.27323598490897244,0.04761904761904763
1.87347412109375,63,IN,8,H,0.5279017857142857,0.20226273571982387,0.08885835256116377
2.86282348632812,63,IN,4,V,0.5411607142857143,0.2554486784085176,0.3035612008409864
0.752838134765625,63,IN,4,N,0.535625,0.18160536692240295,0.07453559924999299
0.75616455078125,63,IN,4,C,0.5444642857142856,0.325590878042157,0.40451356366954694
4.24667358398438,63,OUT,8,B,0.5214285714285714,0.22968124231598525,0.2642745082780002
1.3636474609375,63,IN,6,D,0.5160119047619047,0.27680622541894856,0.34435549203790833
1.3636474609375,63,IN,6,D,0.524047619047619,0.257561216445961,0.2866204651189458
0.887786865234375,63,IN,4,B,0.5347321428571429,0.14093587761302087,0.17076064411493064
0.81207275390625,63,IN,6,D,0.5283928571428572,0.4421898367170345,0.6126477998568793
1.7076416015625,63,IN,4,K,0.5166071428571428,0.5108973568170353,0.4146723119520976
3.32254028320312,63,OUT,8,G,0.5348660714285713,0.26401477723521094,0.2579048749105496
0.99591064453125,63,IN,4,K,0.5125,0.14162185213794262,0.11111111111111115
0.72113037109375,63,IN,8,Z,0.5232589285714286,0.19598705233354202,0.2840196228928749
0.78863525390625,63,IN,4,S,0.5251785714285715,0.1517806004204932,0.1924500897298753
0.911834716796875,63,IN,8,Z,0.5308035714285715,0.2469542445484449,0.3316386705119226
4.4622802734375,63,OUT,4,C,0.5120535714285714,0.44708777863605004,0.46243277820691403
1.70584106445312,63,IN,8,N,0.535,0.31348402379925255,0.36620729303447364
1.11099243164062,63,IN,8,R,0.5195089285714285,0.3049573874213793,0.24700275471387112
2.27951049804688,63,OUT,6,F,0.514702380952381,0.27179255024749444,0.27407119849998596
1.89593505859375,63,OUT,4,G,0.51,0.16735895443054505,0.34457683403230766
1.05026245117188,63,IN,4,N,0.5149107142857142,0.13333333333333333,0.26666666666666666
1.29824829101562,63,IN,6,P,0.5392261904761905,0.27062673845056684,0.2886751345948129
3.08685302734375,63,OUT,4,T,0.5315178571428572,0.1924500897298753,0.46650635094610976
1.96514892578125,63,OUT,4,N,0.531875,0.1517806004204932,0.12045142187428504
2.0606689453125,63,OUT,6,F,0.524345238095238,0.28581296037624343,0.12264812168246181
1.97952270507812,63,OUT,6,S,0.5347619047619049,0.17373533206858266,0.30425348860486473
1.7960205078125,63,OUT,6,Z,0.5177976190476191,0.3004456904162734,0.23784689700288028
1.656494140625,63,IN,4,T,0.530625,0.24800564528543087,0.3997862457059241
1.33218383789062,63,IN,8,K,0.5289732142857142,0.25385884298019606,0.1364774001802114
0.898895263671875,63,IN,4,S,0.535,0.40248466884864476,0.5698318426149166
0.889739990234375,63,IN,8,T,0.5308482142857143,0.28456859221007014,0.28199362947989365
1.74334716796875,63,OUT,4,S,0.5216071428571428,0.4773660110373336,0.23020509831248423
2.74362182617188,63,OUT,8,H,0.5234375,0.2699974618847429,0.1138354503153699
0.863616943359375,63,IN,4,B,0.5367857142857142,0.5118033988749895,0.22360679774997896
1.64877319335938,63,OUT,4,C,0.5430357142857143,0.24800564528543087,0.3110042339640732
1.2335205078125,63,IN,4,R,0.5233928571428571,0.3800015257481004,0.5133348590814337
0.891815185546875,63,IN,8,Z,0.5255803571428572,0.27897603783599745,0.3664982327771072
0.782470703125,63,IN,6,K,0.5314880952380953,0.18213672050459187,0.19106836025229595
0.86956787109375,63,IN,8,G,0.5275000000000001,0.28698102929227404,0.3133393818534378
1.60153198242188,63,OUT,4,Z,0.49875,0.15922363354357996,0.14433756729740646
3.17535400390625,63,OUT,8,N,0.5326785714285713,0.2688748436066265,0.3484022715930324
1.2525634765625,63,IN,4,D,0.5207142857142857,0.31745008972987526,0.44245008972987526
1.39697265625,63,OUT,4,Z,0.5458928571428572,0.45567656542238894,0.34560579581969025
1.16537475585938,63,IN,4,L,0.5339285714285714,0.46469587328064393,0.5018041617490396
0.732177734375,63,IN,4,P,0.5173214285714285,0.17076064411493064,0.1924500897298753
2.69171142578125,63,OUT,6,B,0.540595238095238,0.22510072020804622,0.08538032205746532
1.41653442382812,63,IN,4,S,0.5550892857142857,0.2693375672974065,0.20683756729740646
1.41653442382812,63,IN,4,R,0.5475892857142857,0.34860679774997894,0.4472135954999579
1.14254760742188,63,IN,8,V,0.5222321428571428,0.2974137668189632,0.0
0.739288330078125,63,IN,4,G,0.5166071428571428,0.304093977448264,0.3415212882298613
3.36248779296875,63,IN,4,F,0.5355357142857142,0.5417428620047761,0.49529624336492367
1.47445678710938,63,IN,4,N,0.5409821428571429,0.32559087804215703,0.33273448899715413
0.777740478515625,63,IN,4,F,0.5513392857142858,0.24598221788984534,0.24529624336492362
0.777740478515625,63,IN,4,V,0.5435714285714286,0.09622504486493764,0.2276709006307398
0.6611328125,63,IN,4,R,0.5466964285714285,0.5026496474305623,0.5878704583314267
0.642913818359375,63,IN,6,K,0.5208928571428572,0.27118275563179634,0.11547005383792516
1.0413818359375,63,IN,8,C,0.523125,0.20688017036873255,0.20386876885961167
2.41485595703125,63,OUT,6,L,0.5311309523809524,0.2794411346266178,0.3627054797495093
1.06561279296875,63,IN,6,K,0.5185119047619048,0.24392832992987742,0.13333333333333336
3.21759033203125,63,OUT,4,L,0.5160714285714285,0.40722927882901083,0.24955086674786559
1.59820556640625,63,IN,8,R,0.5408928571428571,0.2805002683986943,0.35634674157141655
1.71981811523438,63,OUT,4,N,0.5484821428571428,0.2405626121623441,0.16770509831248423
1.78659057617188,63,IN,8,T,0.5351339285714285,0.24350204066194,0.3383201756268418
1.66998291015625,63,OUT,6,L,0.5338690476190476,0.42743043857393287,0.44300642766569936
1.3118896484375,63,IN,6,S,0.5325,0.28038659821934236,0.45736915940687517
1.76663208007812,63,OUT,4,R,0.5077678571428572,0.3638440743601649,0.32909944487358056
2.65878295898438,63,OUT,4,B,0.5328571428571429,0.31745008972987526,0.4471687836487032
1.02215576171875,63,IN,4,F,0.5676785714285714,0.14433756729740646,0.1924500897298753
1.67465209960938,63,OUT,4,F,0.534375,0.21379379240612414,0.25614096617239596
2.9371337890625,63,OUT,6,P,0.5296428571428572,0.20138172947757943,0.31100423396407323
1.4796142578125,63,IN,6,V,0.5216071428571428,0.23386200017165443,0.06666666666666668
1.02694702148438,63,IN,6,D,0.5369642857142857,0.3275523944112953,0.5281178536948045
2.3165283203125,63,OUT,8,N,0.5255357142857142,0.3941427384356418,0.39248053168641706
0.7855224609375,63,IN,8,G,0.5197767857142856,0.39267291571951,0.2854529517770804
0.766510009765625,63,IN,6,N,0.5170238095238094,0.3943171151193464,0.4938047720482799
2.03399658203125,63,OUT,4,H,0.5313392857142858,0.37878277461590115,0.0
0.8564453125,63,IN,4,N,0.5508928571428572,0.3569401310833123,0.4902734644166456
3.34823608398438,63,OUT,8,Z,0.51875,0.190782811111554,0.2617185060854936
0.667877197265625,63,IN,4,S,0.5466964285714285,0.4024846688486448,0.5698318426149166
1.26437377929688,63,IN,6,S,0.5460119047619049,0.3177881431314053,0.34189910556895
1.02175903320312,63,IN,8,F,0.5290178571428572,0.2675752498564223,0.16901461794210412
0.82635498046875,63,IN,4,R,0.5383035714285714,0.3113389981249825,0.37267799624996495
0.820343017578125,63,IN,4,Z,0.5385714285714286,0.2073361559760488,0.2222222222222223
0.848419189453125,63,IN,4,L,0.5070535714285713,0.2957661115402473,0.25819888974716115
0.66461181640625,63,IN,8,C,0.5397321428571429,0.24030224344405868,0.20184277544663037
0.6915283203125,63,IN,4,D,0.5266071428571428,0.24800564528543087,0.3849001794597506
3.51055908203125,63,OUT,4,V,0.5414285714285714,0.24529624336492362,0.14433756729740646
1.53030395507812,63,OUT,8,K,0.5426785714285713,0.3485156845132266,0.18600423396407315
2.6768798828125,63,OUT,6,L,0.5211904761904763,0.24880338717125858,0.08030094791619002
1.907958984375,63,OUT,8,T,0.5319642857142857,0.28580149963905377,0.40224654277694355
1.17706298828125,63,IN,4,R,0.5351785714285715,0.19718372093245481,0.29814239699997197
1.17706298828125,63,IN,4,K,0.5578571428571428,0.14433756729740646,0.1924500897298753
1.3369140625,63,OUT,8,D,0.5266517857142857,0.2541555377361439,0.36970827378553905
1.31915283203125,63,IN,8,Z,0.5363392857142857,0.2884232351591707,0.3037919439532275
0.853271484375,63,IN,6,F,0.5374404761904762,0.18038188595363308,0.20491277293791677
1.87136840820312,63,OUT,6,D,0.5383928571428571,0.15606410961226042,0.4184087657973925
0.818878173828125,63,IN,4,R,0.526875,0.3800015257481004,0.5133348590814337
1.14437866210938,63,IN,4,S,0.5382142857142856,0.4314757303333053,0.4472135954999579
1.14437866210938,63,IN,4,L,0.5415178571428572,0.20802844373992713,0.22360679774997896
0.714263916015625,61,OUT,4,F,0.538125,0.3305170542657881,0.22360679774997896
2.21435546875,61,IN,6,D,0.5360714285714285,0.46003360592757925,0.617560572794796
1.26788330078125,61,OUT,4,L,0.5498214285714287,0.2693375672974065,0.11180339887498948
1.37289428710938,61,IN,6,V,0.5136904761904763,0.15421593328562644,0.06666666666666668
1.1217041015625,61,IN,4,H,0.5158928571428572,0.2073361559760488,0.3184472670871599
1.1217041015625,61,IN,4,D,0.5474107142857143,0.36847082841570633,0.44011314869608864
1.11309814453125,61,IN,6,P,0.5135119047619048,0.12000000000000002,0.06666666666666668
0.96392822265625,61,OUT,4,B,0.52375,0.0985887038467491,0.2002392667349012
1.65072631835938,61,OUT,6,F,0.5272619047619047,0.17278986847585812,0.17076064411493064
0.985382080078125,61,IN,4,H,0.5383928571428571,0.12841347034865883,0.0
0.79522705078125,61,OUT,6,R,0.5364880952380952,0.2148084045865879,0.37423617708190343
1.1461181640625,61,IN,6,T,0.5327380952380952,0.4607590596415569,0.522451633048837
0.684295654296875,61,IN,4,F,0.5275892857142856,0.24529624336492362,0.14907119849998599
1.1739501953125,61,IN,4,L,0.5382142857142858,0.2510615920311206,0.309673094332366
0.951995849609375,61,IN,4,L,0.525625,0.5203991593285271,0.309673094332366
0.8125,61,IN,4,N,0.5303571428571429,0.39999999999999997,0.5333333333333333
0.772552490234375,61,IN,4,N,0.5606249999999999,0.28832939165611715,0.384208693582359
1.02487182617188,61,IN,4,L,0.5474107142857143,0.3569401310833123,0.4902734644166456
0.879241943359375,61,IN,6,B,0.5334523809523809,0.2761870062718318,0.36792644030688354
2.41845703125,61,OUT,6,R,0.5482142857142858,0.2620848658689528,0.39420793070830884
0.963897705078125,61,OUT,8,V,0.5385714285714286,0.2725750905633154,0.1138354503153699
1.19882202148438,61,IN,4,K,0.5301785714285714,0.36557439282661736,0.2073361559760488
0.93585205078125,61,IN,6,T,0.5216071428571428,0.33311266223256014,0.4069815792109119
0.93585205078125,61,IN,6,P,0.5266666666666667,0.22185382941455212,0.1517806004204932
0.802642822265625,61,OUT,4,C,0.5414285714285714,0.40740453183331926,0.27343701217098704
0.94952392578125,61,IN,4,V,0.5219642857142858,0.20871441826484885,0.0
0.94952392578125,61,IN,4,G,0.5423214285714286,0.14433756729740646,0.4040063509461097
1.29940795898438,61,OUT,4,T,0.5570535714285714,0.378629576698257,0.12909944487358058
0.941802978515625,61,IN,8,G,0.5363839285714286,0.27282665781987864,0.3452832101034348
0.8988037109375,61,IN,8,D,0.5356696428571428,0.2805672774860325,0.4411146948534258
0.73724365234375,61,IN,4,P,0.5226785714285714,0.274428722102955,0.3035612008409864
1.17861938476562,61,IN,6,K,0.5317261904761904,0.20910512732413544,0.18213672050459184
0.67840576171875,61,OUT,4,R,0.5317857142857143,0.4221153450751844,0.3141005891846559
0.611663818359375,61,OUT,4,D,0.49875,0.15922363354357996,0.2790063509461097
1.48208618164062,61,OUT,6,Z,0.5257142857142857,0.35912618092796056,0.34895800811399136
0.892852783203125,61,OUT,8,D,0.5224553571428572,0.23685710882983188,0.3450565743480443
0.936676025390625,61,OUT,6,P,0.5266666666666667,0.22185382941455212,0.1517806004204932
0.804840087890625,61,OUT,4,S,0.5485714285714286,0.5247862457059241,0.14433756729740646
1.24032592773438,61,OUT,4,D,0.5441071428571428,0.28560189583238,0.5589721825236926
0.950469970703125,61,OUT,4,L,0.525625,0.5203991593285271,0.309673094332366
0.950469970703125,61,OUT,4,G,0.5423214285714286,0.14433756729740646,0.4040063509461097
0.966094970703125,61,IN,8,H,0.5357142857142857,0.3197011202073936,0.1300976575032799
0.784881591796875,61,OUT,4,V,0.5339285714285714,0.46469587328064393,0.0
1.15325927734375,61,IN,6,C,0.5279166666666667,0.4942306901503686,0.37320508075688774
1.01467895507812,61,IN,8,L,0.5324107142857143,0.3494766468679118,0.4620616811777453
0.96435546875,61,OUT,6,P,0.5218452380952381,0.33047775302489096,0.1517806004204932
0.9405517578125,61,IN,8,G,0.5363839285714286,0.27282665781987864,0.3452832101034348
0.9405517578125,61,IN,8,S,0.5305803571428571,0.2173610743952108,0.30781436262560735
0.8765869140625,61,IN,4,P,0.530892857142857,0.13349284448993412,0.1924500897298753
0.7286376953125,61,IN,4,N,0.5510714285714285,0.2078689325833263,0.34120226591665964
0.893707275390625,61,OUT,4,V,0.5059821428571428,0.2940947403223142,0.07216878364870323
1.55609130859375,61,OUT,6,N,0.5004761904761904,0.18497311128276558,0.2624327782069139
1.33731079101562,61,OUT,6,S,0.5326785714285714,0.28793273704596667,0.5085227190574374
0.925323486328125,61,OUT,8,R,0.5376339285714286,0.22193220054063412,0.2968045431860648
1.3155517578125,61,OUT,6,V,0.5336904761904763,0.41982899656473927,0.04811252243246882
0.82635498046875,61,IN,4,N,0.5453571428571429,0.3305170542657881,0.4157378651666526
1.13339233398438,61,IN,4,C,0.538125,0.24800564528543087,0.2073361559760488
2.03656005859375,61,IN,8,S,0.5330357142857143,0.33167289119949367,0.37575941729924095
1.13284301757812,61,OUT,6,F,0.5376785714285713,0.2496268949266206,0.12264812168246181
1.22451782226562,61,IN,8,C,0.5265625,0.3697182662923862,0.39434495933580216
0.930999755859375,61,OUT,6,T,0.5313690476190477,0.1441980074741368,0.2652553705134158
1.0330810546875,61,IN,8,N,0.5374553571428571,0.27136153088126536,0.40311575210592016
0.734588623046875,61,IN,6,L,0.52625,0.2647518376852396,0.3905252161494154
0.78271484375,61,IN,4,N,0.5071428571428571,0.08606629658238706,0.1721325931647741
0.782440185546875,61,IN,8,F,0.5411160714285714,0.23761887045883825,0.2947484284691995
1.25460815429688,61,OUT,4,Z,0.5241071428571429,0.23411675639654195,0.38317301761277645
0.825042724609375,61,IN,4,N,0.5453571428571429,0.3305170542657881,0.4157378651666526
0.825042724609375,61,IN,4,L,0.5191071428571429,0.18888888888888888,0.26666666666666666
0.7601318359375,61,IN,4,H,0.5504464285714286,0.19989312285296204,0.2073361559760488
1.35385131835938,61,OUT,6,F,0.5270833333333333,0.19690083091340285,0.21887316654739944
0.698272705078125,61,IN,6,S,0.5346428571428571,0.2672415504815945,0.39189910556894997
0.999359130859375,61,OUT,4,T,0.5075892857142856,0.05555555555555557,0.25000000000000006
1.50457763671875,61,IN,6,Z,0.5269642857142858,0.1904906282452152,0.20655911179772893
0.678558349609375,61,IN,6,D,0.5486309523809524,0.3741577819109043,0.5049127729379167
0.917999267578125,61,OUT,8,H,0.5552232142857143,0.24059253650697018,0.11941772515768498
1.13201904296875,61,OUT,6,F,0.5376785714285713,0.2496268949266206,0.12264812168246181
1.32623291015625,61,OUT,8,L,0.5295089285714285,0.28538609362304124,0.20430397103052714
0.78643798828125,61,IN,4,V,0.5183928571428572,0.11111111111111115,0.11111111111111115
0.814605712890625,61,OUT,4,H,0.5452678571428572,0.41367513459481287,0.08333333333333336
1.23873901367188,61,OUT,4,V,0.5188392857142857,0.2693375672974065,0.2165063509461097
0.67352294921875,61,IN,4,F,0.5333035714285714,0.14433756729740646,0.09622504486493764
0.657989501953125,61,OUT,4,P,0.5496428571428571,0.3420477515981822,0.2276709006307398
1.142822265625,61,IN,6,P,0.5223809523809524,0.34862957669825695,0.2886751345948129
1.142822265625,61,IN,6,N,0.5258333333333334,0.4636165040235557,0.43016590954770784
0.89556884765625,61,OUT,8,H,0.5378571428571428,0.2889152627887809,0.1138354503153699
0.86566162109375,61,OUT,6,V,0.5233928571428571,0.4057315684275695,0.04811252243246882
1.16766357421875,61,OUT,8,K,0.5420089285714286,0.237617517621919,0.19158650880638822
0.93316650390625,61,IN,6,P,0.5241071428571429,0.433606797749979,0.0
0.95208740234375,61,OUT,6,K,0.5395833333333333,0.3972943283685812,0.04811252243246882
1.76535034179688,61,IN,4,F,0.5444642857142857,0.378629576698257,0.49059248672984723
1.80740356445312,61,OUT,4,F,0.543125,0.4166666666666667,0.1875
0.988861083984375,61,IN,4,D,0.534375,0.33136253994731063,0.24529624336492362
0.986602783203125,61,IN,8,K,0.5393303571428572,0.22505926282285713,0.17771670512232754
0.75115966796875,61,IN,8,N,0.5323660714285714,0.4293505257966822,0.29737790910631073
1.0194091796875,61,IN,8,B,0.5257589285714286,0.26469352497054477,0.3742915924892087
1.0194091796875,61,IN,8,R,0.5283928571428571,0.3121391516163646,0.3378925120356932
1.2265625,61,OUT,4,S,0.5640178571428571,0.2693375672974065,0.3221687836487032
1.24063110351562,61,IN,8,C,0.5213392857142858,0.23536908905838616,0.2082225181235619
4.19717407226562,61,OUT,4,F,0.5231250000000001,0.34220726275478297,0.5158097498210992
2.05441284179688,61,OUT,4,V,0.53,0.1890484000454897,0.08333333333333336
1.59085083007812,61,OUT,6,G,0.5213690476190477,0.16775985196628815,0.2778304117873406
1.59085083007812,61,OUT,6,S,0.5380357142857143,0.19622504486493764,0.32320508075688775
4.67755126953125,61,IN,4,R,0.5134821428571428,0.378629576698257,0.4157378651666526
1.59036254882812,61,IN,6,G,0.5213690476190477,0.16775985196628815,0.2778304117873406
1.59036254882812,61,IN,6,S,0.5380357142857143,0.19622504486493764,0.32320508075688775
1.7003173828125,61,IN,4,N,0.5317857142857143,0.40505265351578107,0.4902734644166456
1.56631469726562,61,OUT,4,P,0.5221428571428571,0.49111895009816814,0.1666666666666667
1.95675659179688,61,IN,8,D,0.5297321428571429,0.28698102929227415,0.4315322774519558
1.64471435546875,61,IN,4,D,0.518125,0.42925348860486473,0.5915212882298612
1.64471435546875,61,IN,4,P,0.5315178571428572,0.24800564528543087,0.3035612008409864
1.77713012695312,61,IN,8,Z,0.5212053571428572,0.2036123339927113,0.18878152765477965
1.63131713867188,61,OUT,4,P,0.5323214285714286,0.19718372093245481,0.2998396842794431
1.623046875,61,IN,4,B,0.5320535714285715,0.3035612008409864,0.09622504486493764
1.72689819335938,61,IN,8,K,0.5266517857142857,0.3196283549592542,0.1300976575032799
1.644775390625,61,IN,4,D,0.518125,0.42925348860486473,0.5915212882298612
1.644775390625,61,IN,4,P,0.5315178571428572,0.24800564528543087,0.3035612008409864
1.77206420898438,61,OUT,6,N,0.5411904761904762,0.3513817294775794,0.33541019662496846
1.7445068359375,61,IN,8,H,0.5407589285714286,0.25482369201282046,0.08247860988423227
2.02432250976562,61,IN,4,L,0.5079464285714286,0.2195591410723212,0.2466681924147671
1.44674682617188,61,OUT,4,L,0.5303571428571429,0.3110042339640731,0.33541019662496846
2.63021850585938,61,IN,8,N,0.5357142857142856,0.2721534546870851,0.3293446407495884
2.96182250976562,61,IN,8,N,0.5298660714285715,0.30467786906290506,0.3293446407495884
1.78546142578125,61,IN,6,T,0.5342261904761906,0.22618229400612247,0.17320508075688776
1.60366821289062,61,IN,6,T,0.5253571428571429,0.2465905894804549,0.34315130332241894
2.3905029296875,61,IN,6,L,0.5326785714285714,0.28793273704596667,0.4094427190999916
1.40872192382812,61,OUT,8,F,0.518125,0.3077235930544923,0.1839721825236927
2.13095092773438,61,OUT,4,C,0.5269642857142858,0.27611818722411796,0.2810560733829
2.29852294921875,61,IN,8,R,0.5196875,0.2778850760919513,0.3527176943201999
1.55099487304688,61,IN,8,L,0.5180803571428572,0.36406258009595316,0.4215470782483628
1.78622436523438,61,OUT,8,K,0.5252232142857143,0.3272048036868797,0.1555021169820366
4.0462646484375,61,IN,6,T,0.5254761904761905,0.42743043857393287,0.5313832727965411
1.62118530273438,61,OUT,4,L,0.5183928571428571,0.2585046251542074,0.43225482074927446
1.84432983398438,61,OUT,8,V,0.5340178571428571,0.3035032164329832,0.04166666666666668
1.70904541015625,61,OUT,4,G,0.5452678571428572,0.36847082841570633,0.1839721825236927
1.71563720703125,61,IN,8,V,0.5153571428571428,0.25228361754945683,0.08885835256116377
2.5301513671875,61,IN,6,L,0.5307738095238095,0.4102919927248882,0.47996793524940695
2.068359375,61,OUT,4,S,0.5294642857142857,0.12333409620738355,0.38421144925859396
1.49835205078125,61,IN,4,T,0.5327678571428571,0.35167372327345525,0.5108973568170353
1.45281982421875,61,OUT,4,T,0.5235714285714286,0.2368033988749895,0.42539364068030644
1.56622314453125,61,IN,8,C,0.5195089285714285,0.24883577726139144,0.2578675591555908
1.71124267578125,61,IN,6,N,0.5255357142857142,0.3789925960181915,0.4868863536488434
1.46408081054688,61,OUT,6,V,0.5445833333333333,0.2792981251854302,0.14433756729740646
1.84906005859375,61,IN,4,L,0.5469642857142857,0.21379379240612417,0.23513749508237303
2.16317749023438,61,IN,6,C,0.539345238095238,0.19183277581072697,0.16994622256553113
1.84378051757812,61,IN,4,B,0.5323214285714286,0.19718372093245481,0.17076064411493064
2.468994140625,61,OUT,4,T,0.5149107142857143,0.3113389981249825,0.30338517275216026
2.0672607421875,61,IN,4,S,0.5294642857142857,0.12333409620738355,0.38421144925859396
2.0672607421875,61,IN,4,K,0.515,0.2222222222222223,0.11111111111111115
1.53076171875,61,IN,8,K,0.5214285714285714,0.22968124231598522,0.04761904761904763
3.38589477539062,58,OUT,6,T,0.5367261904761905,0.33737545614595826,0.4302969867327555
2.4185791015625,58,OUT,4,D,0.5406250000000001,0.11756874754118651,0.3283097498210992
2.45379638671875,58,OUT,4,T,0.5269642857142857,0.19718372093245481,0.2810560733829
2.58599853515625,58,IN,6,K,0.5289880952380952,0.32724592442184786,0.05773502691896258
1.208251953125,58,OUT,4,C,0.5135714285714286,0.399786245705924,0.39433756729740654
2.274169921875,58,OUT,8,K,0.5226339285714285,0.40630983288844286,0.1915865088063882
1.86468505859375,58,IN,4,C,0.5397321428571429,0.32559087804215703,0.40451356366954694
1.30593872070312,58,OUT,8,Z,0.5349107142857144,0.4294003793860665,0.379653401274444
5.4874267578125,58,OUT,8,T,0.5327232142857143,0.16421700754833277,0.32216878364870327
5.4874267578125,58,OUT,8,H,0.5391517857142858,0.21748398568637092,0.11941772515768498
1.4307861328125,58,OUT,4,V,0.5368750000000001,0.2824045318333193,0.14433756729740646
1.39019775390625,58,OUT,4,H,0.5247321428571428,0.4319746711896452,0.0
1.30215454101562,58,OUT,4,P,0.5361607142857143,0.37300564528543084,0.5275105849101829
1.19415283203125,58,IN,4,F,0.5489285714285714,0.09622504486493764,0.09622504486493764
1.15457153320312,58,OUT,6,R,0.5471428571428572,0.2484045162283447,0.31543844299856305
1.73443603515625,58,OUT,8,R,0.5248214285714285,0.23685710882983188,0.3677050983124842
1.4571533203125,58,IN,4,B,0.5416071428571428,0.3113389981249825,0.324535599249993
1.30392456054688,58,OUT,8,R,0.5152232142857143,0.21878493227349446,0.3440782600933846
1.30392456054688,58,OUT,8,R,0.5244642857142857,0.22382500255695414,0.2384319800344856
1.41098022460938,58,IN,4,C,0.5341964285714286,0.2801940707691521,0.29340245255843583
1.05902099609375,58,OUT,4,P,0.5145535714285714,0.449910370942552,0.25000000000000006
1.2625732421875,58,IN,4,P,0.5226785714285714,0.27442872210295505,0.3035612008409864
1.2625732421875,58,IN,4,B,0.5358928571428572,0.3655626121623441,0.538675134594813
1.14871215820312,58,OUT,6,N,0.5227976190476191,0.2291595072553572,0.26663994604117247
1.33642578125,58,IN,6,T,0.5247619047619048,0.24713936910039228,0.28541627640345635
1.19943237304688,58,IN,8,B,0.5319196428571429,0.2701432848346582,0.3040439051613187
5.13232421875,58,IN,8,R,0.5283035714285714,0.2047032957367574,0.315832138642034
1.5074462890625,58,IN,6,L,0.5232738095238095,0.23864497721416392,0.2683281572999748
1.92123413085938,58,IN,8,S,0.5413839285714286,0.2157612617026794,0.2854529517770804
1.48495483398438,58,OUT,6,V,0.5388690476190476,0.16113687698064555,0.1517806004204932
1.61770629882812,58,IN,6,N,0.5345238095238095,0.4286996778999804,0.4730495168499706
1.27145385742188,58,OUT,6,H,0.518452380952381,0.26936411661819715,0.1036680779880244
1.29443359375,58,OUT,6,K,0.5224404761904762,0.3497227619978785,0.15922363354357996
1.3167724609375,58,OUT,6,Z,0.5375595238095238,0.1560641096122604,0.28324370427588524
2.93338012695312,58,IN,6,B,0.5328571428571428,0.21520256326379247,0.2756614672258461
2.63336181640625,58,IN,4,H,0.5101785714285714,0.342207262754783,0.09622504486493764
1.751708984375,58,IN,6,C,0.5260714285714285,0.2541800816626472,0.2943479161511604
1.1224365234375,58,OUT,4,K,0.5397321428571429,0.32559087804215703,0.14433756729740646
1.87347412109375,58,IN,6,N,0.5189285714285714,0.23791481123447702,0.3458038565994196
1.11798095703125,58,OUT,6,H,0.5105357142857143,0.26013703345669925,0.1036680779880244
1.57138061523438,58,IN,4,N,0.5277678571428571,0.21939962991572037,0.3527329632490537
1.64566040039062,58,IN,4,G,0.5315178571428572,0.32489312285296207,0.44245008972987526
2.3494873046875,58,IN,8,V,0.5234821428571428,0.2468143286926297,0.0
1.5313720703125,58,OUT,8,P,0.5427232142857144,0.3804632087824215,0.18600423396407312
2.9029541015625,58,OUT,4,N,0.5226785714285714,0.261906314838593,0.3763531213117798
1.28775024414062,58,IN,4,P,0.53125,0.22866807798802438,0.11111111111111115
8.99270629882812,58,OUT,6,C,0.5152380952380953,0.26332106060976185,0.3540373822552667
1.48275756835938,58,IN,4,Z,0.519375,0.24800564528543087,0.0
1.24771118164062,58,OUT,8,T,0.5312946428571428,0.31759125466275673,0.3227227400495667
3.3516845703125,58,IN,8,P,0.5221875,0.2970482143923348,0.1300976575032799
1.13357543945312,58,OUT,4,P,0.5466964285714285,0.4024846688486448,0.08333333333333336
1.054443359375,58,OUT,4,Z,0.5523214285714286,0.3655626121623441,0.2276709006307398
1.45693969726562,58,OUT,6,L,0.5273214285714286,0.2013817294775794,0.23513749508237303
1.45693969726562,58,OUT,6,L,0.5374404761904762,0.18038188595363308,0.18580385659941961
1.26126098632812,58,IN,4,P,0.5226785714285714,0.27442872210295505,0.3035612008409864
1.26126098632812,58,IN,4,B,0.5358928571428572,0.3655626121623441,0.538675134594813
1.8126220703125,58,IN,6,Z,0.5281547619047618,0.5053418012614797,0.12440169358562927
1.44427490234375,58,IN,6,V,0.5347619047619048,0.17373533206858266,0.06666666666666668
1.44427490234375,58,IN,6,D,0.5229761904761904,0.17807574648715427,0.33742731078159727
1.2677001953125,58,IN,4,N,0.5066964285714286,0.31406018070976294,0.309673094332366
1.17120361328125,58,IN,4,B,0.5292857142857144,0.28527344491042733,0.45943577870974356
1.37478637695312,58,OUT,8,K,0.5369642857142858,0.2660602996409058,0.0777510584910183
3.56060791015625,58,IN,6,S,0.529702380952381,0.3321486703315931,0.33416407864998743
1.97091674804688,58,IN,4,H,0.5078571428571428,0.15414425940230467,0.0
1.41598510742188,58,IN,4,N,0.51,0.16735895443054505,0.22360679774997896
1.45489501953125,58,IN,4,R,0.5408035714285715,0.20871441826484885,0.3212037916647601
1.4344482421875,58,IN,6,Z,0.5195833333333333,0.170758118819348,0.10327955589886446
1.46878051757812,58,IN,6,S,0.5233928571428571,0.42946218823044296,0.24189910556894997
1.46878051757812,58,IN,6,R,0.5175000000000001,0.3789925960181915,0.4868863536488434
3.57479858398438,58,IN,6,B,0.5382142857142858,0.15991449828236964,0.11547005383792516
1.9505615234375,58,IN,4,N,0.5358928571428572,0.2078689325833263,0.34120226591665964
4.23660278320312,58,OUT,6,D,0.5275,0.19325725614712158,0.28931478834912844
2.19619750976562,58,IN,6,T,0.5160119047619047,0.202878497985824,0.2915115253729867
1.18780517578125,58,IN,4,L,0.5272321428571429,0.09282335518055207,0.07453559924999299
1.16873168945312,58,OUT,8,N,0.5243303571428571,0.32935759506896023,0.4365788322489223
1.16873168945312,58,OUT,8,F,0.5316071428571428,0.3656538197459883,0.20555339887498947
2.12744140625,58,IN,6,C,0.5563690476190476,0.1847150628109127,0.17320508075688776
6.13455200195312,58,IN,4,D,0.5191071428571429,0.14433756729740646,0.2886751345948129
1.100341796875,58,OUT,4,D,0.5174107142857143,0.0985887038467491,0.40047853346980244
4.4183349609375,58,IN,4,B,0.5558035714285714,0.3655626121623441,0.44245008972987526
1.94546508789062,58,OUT,6,Z,0.5445833333333333,0.3844548097980719,0.3415149749909046
1.18991088867188,58,OUT,8,L,0.5420089285714285,0.23761751762191904,0.34090284374857005
1.46875,58,IN,6,S,0.5233928571428571,0.42946218823044296,0.24189910556894997
1.46875,58,IN,6,R,0.5175000000000001,0.3789925960181915,0.4868863536488434
3.3487548828125,58,IN,4,T,0.5216071428571428,0.3638440743601649,0.5305107410268316
1.32156372070312,58,OUT,6,H,0.5472619047619047,0.15991449828236962,0.15922363354357996
1.0302734375,58,OUT,6,F,0.5179761904761905,0.29917835631819434,0.37029624336492356
1.03683471679688,58,OUT,4,G,0.5333035714285714,0.2761181872241179,0.24340169943749473
1.18350219726562,58,OUT,4,F,0.5329464285714286,0.18888888888888888,0.44011314869608864
1.05825805664062,58,OUT,8,L,0.5278125,0.2514477681478728,0.3956559480312316
1.35980224609375,58,IN,8,S,0.5381696428571429,0.28652335445761123,0.4637630464113037
1.36212158203125,58,IN,4,P,0.5286607142857143,0.12264812168246181,0.0
1.28378295898438,58,OUT,4,P,0.5242857142857142,0.199893122852962,0.08333333333333336
1.30328369140625,58,IN,8,R,0.5152232142857143,0.21878493227349446,0.3440782600933846
1.30328369140625,58,IN,8,R,0.5244642857142857,0.22382500255695414,0.2384319800344856
1.70352172851562,58,IN,4,T,0.5122321428571428,0.44079596660153214,0.29340245255843583
1.017822265625,58,IN,6,R,0.5467857142857143,0.1560641096122604,0.256361137499428
1.07418823242188,58,OUT,8,C,0.5392857142857143,0.2347859785045046,0.18219470335811666
1.11386108398438,58,OUT,8,T,0.5403125,0.255912129328808,0.4210301536734866
1.0322265625,58,OUT,6,L,0.5401190476190476,0.2647518376852396,0.4587710134578462
0.980316162109375,58,OUT,4,H,0.5639285714285714,0.20802844373992713,0.1555021169820366
1.13784790039062,58,IN,8,B,0.5382589285714285,0.32528909001180445,0.33598773341131566
1.01394653320312,58,IN,8,B,0.5321428571428573,0.2883296278068408,0.33598773341131566
1.916259765625,58,IN,8,K,0.5197321428571429,0.28928586407152646,0.08885835256116377
1.49282836914062,58,IN,6,B,0.5357142857142857,0.25011658234962697,0.14717774601895417
1.08456420898438,58,OUT,6,G,0.5166666666666667,0.16275088906054339,0.2778304117873406
0.882568359375,58,OUT,4,N,0.5491964285714286,0.36285867766715346,0.5054525661853603
0.89654541015625,58,IN,8,Z,0.5261160714285715,0.33044855681300633,0.3188791851580596
1.02517700195312,58,OUT,4,Z,0.5355357142857144,0.34387316654739947,0.12909944487358058
0.892822265625,58,OUT,8,S,0.5362946428571428,0.23207094898521397,0.3336238819611874
0.801788330078125,58,OUT,8,L,0.5299107142857142,0.3430283704339043,0.28500114431107526
0.764434814453125,58,OUT,4,R,0.5228571428571429,0.05555555555555557,0.19999999999999998
1.28250122070312,58,OUT,4,P,0.5242857142857142,0.199893122852962,0.08333333333333336
1.28250122070312,58,OUT,4,B,0.5162500000000001,0.2585046251542074,0.27240805038360444
0.772216796875,58,OUT,4,T,0.5244642857142857,0.13333333333333333,0.21243277820691392
1.230712890625,58,OUT,6,R,0.5173214285714286,0.2317472740930966,0.36847082841570633
1.7454833984375,58,IN,8,N,0.5268303571428572,0.39935540176682716,0.4989472368559112
1.13589477539062,58,OUT,4,T,0.5495535714285715,0.19989312285296204,0.1666666666666667
1.13589477539062,58,OUT,4,P,0.5428571428571429,0.3113389981249825,0.36084391824351614
1.20172119140625,58,OUT,4,B,0.5465178571428572,0.31745008972987526,0.44245008972987526
1.20172119140625,58,OUT,4,R,0.5299107142857142,0.09622504486493764,0.24090284374857007
1.28265380859375,58,IN,8,V,0.5448660714285715,0.23613810120545062,0.08247860988423227
4.64959716796875,58,OUT,8,C,0.5354017857142856,0.35673029717353394,0.33946956457651184
1.98446655273438,58,IN,4,T,0.5139285714285714,0.24800564528543087,0.2073361559760488
2.8572998046875,58,OUT,8,S,0.5289732142857143,0.21312284438402498,0.3697082737855391
1.2176513671875,58,IN,8,C,0.5224553571428572,0.35690137496448315,0.3923189659228209
1.55215454101562,58,IN,4,F,0.545,0.1599159213074583,0.14907119849998599
1.367431640625,58,OUT,4,K,0.5183035714285714,0.0985887038467491,0.1666666666666667
1.89068603515625,58,IN,8,C,0.5388392857142857,0.2005208055095364,0.16698321318144577
0.85089111328125,58,IN,6,Z,0.5320833333333334,0.2682055423825616,0.28541627640345635
0.98931884765625,58,OUT,4,L,0.5096428571428571,0.1666666666666667,0.19364916731037085
3.924072265625,58,OUT,4,B,0.51,0.16735895443054505,0.34457683403230766
2.30807495117188,58,IN,4,B,0.5424107142857143,0.26933756729740643,0.0
1.7769775390625,58,IN,6,F,0.5532738095238096,0.2017900249519118,0.26264779985687936
1.44442749023438,58,IN,6,V,0.5347619047619048,0.17373533206858266,0.06666666666666668
1.44442749023438,58,IN,6,D,0.5229761904761904,0.17807574648715427,0.33742731078159727
1.73965454101562,58,IN,4,G,0.5304464285714285,0.30409397744826394,0.3415212882298613
1.11032104492188,58,OUT,4,B,0.5302678571428572,0.336441914088586,0.26698568897986824
1.11032104492188,58,OUT,4,V,0.5383928571428571,0.12841347034865883,0.08333333333333336
1.45623779296875,58,IN,4,B,0.5416071428571428,0.3113389981249825,0.324535599249993
1.45623779296875,58,IN,4,G,0.5355357142857143,0.34387316654739947,0.5169856889798683
1.1575927734375,58,IN,6,G,0.5238690476190476,0.17828633183448264,0.20491277293791677
1.19290161132812,58,OUT,8,H,0.5322767857142856,0.2250276062887869,0.11941772515768498
1.5240478515625,58,IN,8,S,0.5162053571428571,0.3918080851452133,0.4881659597327232
1.2237548828125,58,OUT,6,Z,0.5294642857142857,0.2973254677258511,0.28595941943534914
1.119140625,58,OUT,4,C,0.5360714285714285,0.17144661863985236,0.30338517275216026
1.6484375,58,IN,4,H,0.5399107142857142,0.15922363354357996,0.09622504486493764
1.22653198242188,58,IN,6,H,0.5291071428571429,0.19392361766416813,0.06666666666666668
2.91244506835938,58,IN,8,H,0.5328125,0.23638091417373747,0.1300976575032799
0.9912109375,58,IN,8,K,0.5349107142857142,0.2599476250149744,0.17771670512232754
1.24545288085938,58,IN,4,B,0.5464285714285715,0.08538032205746532,0.17076064411493064
2.04031372070312,58,OUT,4,B,0.5180357142857143,0.1517806004204932,0.33183756729740643
1.464111328125,58,IN,6,T,0.5226785714285714,0.32958414406780545,0.4736482458775785
1.33511352539062,58,IN,6,T,0.5247619047619048,0.24713936910039228,0.28541627640345635
1.33511352539062,58,IN,6,R,0.5204166666666666,0.3184233652911819,0.4421649940988476
0.66656494140625,58,IN,4,H,0.5458035714285714,0.27442872210295505,0.2073361559760488
1.15383911132812,58,OUT,4,H,0.4928571428571429,0.314060180709763,0.07216878364870323
1.61312866210938,58,IN,6,L,0.5241666666666666,0.34434354221090707,0.17888543819998318
1.001953125,58,OUT,4,B,0.5343749999999999,0.33136253994731063,0.24340169943749473
1.47955322265625,58,OUT,4,S,0.5211607142857143,0.2222222222222223,0.2165063509461097
1.2509765625,58,OUT,8,P,0.5519642857142857,0.27964504093769554,0.29425740943712797
1.13531494140625,58,OUT,4,T,0.5495535714285715,0.19989312285296204,0.1666666666666667
1.13531494140625,58,OUT,4,P,0.5428571428571429,0.3113389981249825,0.36084391824351614
1.02224731445312,58,OUT,8,S,0.5157142857142857,0.25400719035816993,0.39106082294178124
0.9844970703125,58,OUT,8,H,0.5340178571428571,0.34736528696601804,0.07216878364870323
1.43740844726562,58,IN,6,G,0.5363095238095238,0.29651138450190756,0.19472135954999578
1.89935302734375,58,IN,6,N,0.5323214285714286,0.2647518376852395,0.3905252161494154
1.45758056640625,58,IN,6,L,0.5374404761904762,0.18038188595363308,0.18580385659941961
1.87210083007812,58,IN,6,N,0.5189285714285714,0.23791481123447702,0.3458038565994196
1.87210083007812,58,IN,6,P,0.5318452380952381,0.17440640585133857,0.20000000000000004
1.27694702148438,58,OUT,4,C,0.5285714285714286,0.15922363354357996,0.14433756729740646
1.37689208984375,58,IN,8,B,0.5266517857142856,0.3196283549592542,0.37722703835343185
1.845458984375,58,IN,4,D,0.5224107142857143,0.3902734644166457,0.48240453183331927
1.61074829101562,58,OUT,8,G,0.5399999999999999,0.22808630664675242,0.285855724629297
0.82965087890625,58,OUT,6,S,0.5353571428571429,0.25824358097566746,0.27171932018244777
3.59027099609375,58,IN,6,F,0.5408928571428572,0.18213672050459187,0.17320508075688776
1.85308837890625,57,IN,4,B,0.5464285714285715,0.1731125224324688,0.09622504486493764
2.232177734375,57,OUT,6,L,0.5426190476190476,0.28689453417431976,0.229372146416176
1.32870483398438,57,OUT,4,B,0.5292857142857144,0.35167372327345525,0.40400635094610965
1.88128662109375,57,IN,4,N,0.5236607142857143,0.463488902812718,0.458744292832352
3.41787719726562,57,IN,4,Z,0.53125,0.20871441826484885,0.26835763802971174
1.99697875976562,57,OUT,6,Z,0.5132142857142857,0.3497227619978785,0.3720257160177362
3.7021484375,57,OUT,4,V,0.5247321428571429,0.19718372093245481,0.1555021169820366
1.94869995117188,57,OUT,8,N,0.5322767857142858,0.19904120784728793,0.3484022715930324
3.65631103515625,57,OUT,8,F,0.5236160714285714,0.2605282111407974,0.1478877906993411
3.42236328125,57,IN,6,S,0.5442261904761905,0.23213672050459183,0.31547005383792515
3.80413818359375,57,OUT,4,L,0.5261607142857143,0.3655626121623441,0.2795084971874737
2.58218383789062,57,IN,6,B,0.5397619047619048,0.19962689492662064,0.2756614672258461
1.98080444335938,57,OUT,4,Z,0.5163392857142857,0.15991592130745833,0.27343701217098704
2.75054931640625,57,OUT,4,P,0.5354464285714285,0.25682694069731765,0.0
2.37887573242188,57,IN,6,H,0.5194047619047618,0.22327955589886447,0.06666666666666668
4.04156494140625,57,IN,6,T,0.5290476190476191,0.312649986827006,0.42484485870632005
2.55398559570312,57,OUT,8,G,0.5366964285714286,0.27323598490897244,0.3300736585592528
3.47366333007812,57,OUT,6,F,0.5378571428571428,0.16872636916283787,0.21887316654739944
1.90625,57,OUT,4,Z,0.5088392857142857,0.27442872210295505,0.20126822852228382
2.14642333984375,57,IN,4,G,0.5220535714285715,0.3655626121623441,0.44245008972987526
1.96755981445312,57,OUT,4,D,0.5622321428571428,0.26933756729740643,0.4471687836487032
2.28924560546875,57,OUT,4,F,0.520892857142857,0.2957661115402473,0.1839721825236927
2.73776245117188,57,IN,8,C,0.5407589285714285,0.2274232106391544,0.1974890261826802
2.31082153320312,57,IN,6,N,0.5265476190476192,0.17807574648715427,0.17888543819998318
3.56304931640625,57,IN,4,G,0.5375,0.24598221788984534,0.07453559924999299
2.81686401367188,57,IN,8,H,0.5416964285714285,0.18113658489552056,0.1364774001802114
3.0244140625,57,IN,4,L,0.525625,0.4314757303333053,0.5648090636666386
1.65798950195312,57,OUT,4,G,0.5258928571428572,0.40520585143342536,0.27240805038360444
1.24124145507812,57,OUT,6,S,0.5292857142857142,0.3588175239683864,0.4733019081565728
3.02719116210938,57,OUT,4,D,0.5045535714285714,0.30546592649810744,0.44011314869608864
2.04165649414062,57,IN,4,H,0.5367857142857142,0.1924500897298753,0.09622504486493764
2.93661499023438,57,OUT,4,F,0.4961607142857143,0.16735895443054505,0.29930339887498947
1.76739501953125,57,OUT,4,L,0.5453571428571429,0.3305170542657881,0.5118033988749895
5.76251220703125,57,IN,6,H,0.5098214285714285,0.17915950725535715,0.12440169358562927
4.0472412109375,57,IN,8,L,0.5244642857142857,0.21206606360210767,0.23349025260631673
2.37124633789062,57,IN,4,Z,0.50875,0.1666666666666667,0.11111111111111115
2.34140014648438,57,IN,4,T,0.5120535714285714,0.4052058514334253,0.40451356366954694
5.11276245117188,57,OUT,8,B,0.5304017857142858,0.2937244663995302,0.24977133280494535
1.63604736328125,57,IN,4,R,0.5510714285714285,0.2078689325833263,0.34120226591665964
1.63604736328125,57,IN,4,P,0.5464285714285715,0.08538032205746532,0.2998396842794431
2.34628295898438,57,OUT,4,N,0.5545535714285714,0.2554486784085176,0.2968045431860648
4.76025390625,57,OUT,6,C,0.5479166666666667,0.15612791407490076,0.2022567818347735
2.50372314453125,57,IN,4,V,0.5071428571428571,0.2073361559760488,0.09622504486493764
2.78115844726562,57,OUT,8,C,0.5220089285714286,0.24251784388238204,0.22563411426114194
3.71649169921875,57,IN,6,K,0.5403571428571429,0.2936133762312202,0.17320508075688776
1.75885009765625,57,OUT,8,H,0.5414732142857143,0.21475060817846736,0.11941772515768498
1.53973388671875,57,OUT,6,G,0.5514880952380953,0.25418260695822986,0.29576064411493064
0.99310302734375,57,OUT,4,N,0.5487500000000001,0.15991592130745833,0.3677050983124842
1.01470947265625,57,IN,8,G,0.5474553571428571,0.3056814439018777,0.40189128561205667
0.9891357421875,57,OUT,4,V,0.5403571428571429,0.21939962991572037,0.0
2.18331909179688,57,OUT,4,F,0.5175892857142856,0.17652599278112766,0.1839721825236927
1.62551879882812,57,IN,8,L,0.5403125,0.2396219616260257,0.3527176943201999
2.10964965820312,57,IN,6,K,0.5460714285714285,0.20449284839117782,0.18213672050459184
4.50595092773438,57,OUT,8,B,0.5257589285714286,0.30388594525708534,0.32194011645364856
1.1842041015625,57,OUT,8,N,0.5286160714285715,0.2514879977244393,0.36452968196766966
1.16397094726562,57,OUT,4,T,0.5531249999999999,0.3420477515981822,0.4401036788376537
1.719970703125,57,IN,6,P,0.5148809523809524,0.17664874085517707,0.20000000000000004
1.7266845703125,57,IN,6,S,0.5092261904761904,0.18809114700306126,0.23094010767585033
1.15737915039062,57,OUT,6,L,0.5385119047619048,0.1712456192722277,0.3900007628740502
1.4527587890625,57,IN,8,K,0.525,0.2783904028540573,0.04761904761904763
1.11770629882812,57,OUT,8,Z,0.5281696428571429,0.369579875106309,0.3435690094500924
1.0458984375,57,OUT,6,G,0.5182738095238095,0.2203048679452124,0.17076064411493064
1.0458984375,57,OUT,6,D,0.524047619047619,0.29917835631819434,0.36385038759912147
2.08206176757812,57,OUT,8,N,0.5255803571428571,0.18331463111863494,0.28067713281142753
1.0467529296875,57,OUT,6,D,0.524047619047619,0.29917835631819434,0.36385038759912147
1.64291381835938,57,IN,4,R,0.5171428571428571,0.30546592649810744,0.43879925983144075
1.25296020507812,57,OUT,6,L,0.535952380952381,0.25600124597182894,0.32543768012451285
1.9249267578125,57,IN,4,B,0.5283928571428571,0.37098221788984537,0.324535599249993
1.08114624023438,57,OUT,4,V,0.5085714285714287,0.18888888888888888,0.0
1.47927856445312,57,IN,4,Z,0.5041071428571429,0.14162185213794262,0.1721325931647741
1.48565673828125,57,OUT,6,G,0.5200595238095239,0.3293999682411764,0.42925348860486484
1.205810546875,57,OUT,4,Z,0.5409821428571429,0.24598221788984534,0.26835763802971174
1.205810546875,57,OUT,4,S,0.5345535714285714,0.20871441826484885,0.44671144925859396
1.52420043945312,57,OUT,8,V,0.5279464285714286,0.25529988666891484,0.14991984213972154
1.52420043945312,57,OUT,8,P,0.5420982142857143,0.2291942729554536,0.29425740943712797
2.30575561523438,57,IN,4,T,0.5424107142857142,0.26933756729740643,0.2998396842794431
2.30575561523438,57,IN,4,G,0.5427678571428571,0.19953559924999298,0.324535599249993
1.63687133789062,57,OUT,4,R,0.5510714285714285,0.2078689325833263,0.34120226591665964
1.63687133789062,57,OUT,4,P,0.5464285714285715,0.08538032205746532,0.2998396842794431
1.47030639648438,57,IN,4,B,0.5639285714285714,0.20802844373992713,0.07453559924999299
1.9014892578125,57,IN,6,K,0.5294047619047619,0.2813389786187642,0.2398717474235544
1.9014892578125,57,IN,6,V,0.5229166666666667,0.2145340147766192,0.05773502691896258
1.13739013671875,57,IN,4,K,0.5279464285714286,0.30546592649810744,0.0
1.42611694335938,57,OUT,4,T,0.5319642857142857,0.42925348860486473,0.5920603073469732
6.42636108398438,57,OUT,8,P,0.5333928571428571,0.32252793323480844,0.33592407610379466
1.5308837890625,57,OUT,6,F,0.531845238095238,0.3313389786187642,0.04811252243246882
1.58721923828125,57,IN,4,C,0.5545535714285714,0.25544867840851765,0.3184472670871599
0.7939453125,57,IN,4,F,0.5570535714285714,0.378629576698257,0.49059248672984723
0.815032958984375,57,IN,6,C,0.5263095238095238,0.39729432836858114,0.352082943070123
1.90435791015625,57,OUT,4,F,0.509375,0.1924500897298753,0.2596687836487032
1.1783447265625,57,IN,4,K,0.50875,0.16735895443054505,0.11111111111111115
1.09567260742188,57,OUT,8,R,0.5426785714285715,0.2207043419677676,0.3602056704680219
1.98239135742188,57,IN,4,T,0.5499107142857143,0.27171300694349115,0.30828851880460933
0.92852783203125,57,IN,4,Z,0.5201785714285715,0.1924500897298753,0.1924500897298753
0.870330810546875,57,IN,4,G,0.5439285714285715,0.3387937924061242,0.4207606441149306
1.27401733398438,57,IN,4,N,0.5146428571428571,0.3569401310833123,0.4902734644166456
1.68716430664062,57,OUT,6,L,0.527202380952381,0.27388086680535295,0.2451367322083228
1.61663818359375,57,OUT,6,C,0.542797619047619,0.3207087894792916,0.1822913414473247
2.83822631835938,57,OUT,4,L,0.5372321428571429,0.19989312285296204,0.12045142187428504
1.7183837890625,57,IN,8,V,0.5212053571428572,0.22532159537089622,0.04761904761904763
1.274658203125,57,IN,4,N,0.5146428571428571,0.3569401310833123,0.4902734644166456
4.75396728515625,57,IN,8,S,0.5228571428571429,0.22665672292014855,0.36240654243348225
1.285400390625,57,IN,8,V,0.5320535714285715,0.21047112793287479,0.08247860988423227
1.2333984375,57,OUT,8,R,0.5240625,0.2770382801531114,0.3602056704680219
1.2333984375,57,OUT,8,B,0.5310267857142857,0.3342203671142143,0.35165487491054953
2.3983154296875,57,IN,8,D,0.5246875,0.30495738742137923,0.48235399979554183
1.21566772460938,57,OUT,8,G,0.5312053571428571,0.23932797254391633,0.1641548749105496
1.27645874023438,57,OUT,4,V,0.5321428571428571,0.11111111111111115,0.0
1.27645874023438,57,OUT,4,N,0.5217857142857143,0.24800564528543087,0.2881565201867693
1.51007080078125,57,IN,4,R,0.530625,0.2824045318333193,0.4157378651666526
1.43524169921875,57,IN,6,R,0.5336309523809525,0.3062190688804493,0.3905252161494154
1.67282104492188,57,IN,6,L,0.5213690476190477,0.30785160926858957,0.3596406933982925
1.234619140625,57,OUT,8,B,0.5310267857142857,0.3342203671142143,0.35165487491054953
1.20266723632812,57,IN,8,K,0.533125,0.2750762673875122,0.17771670512232754
1.28152465820312,57,IN,6,K,0.536607142857143,0.202878497985824,0.05773502691896258
1.83346557617188,57,IN,8,T,0.5336607142857144,0.2845189104535046,0.3034606133616572
0.95611572265625,57,OUT,4,K,0.5525892857142857,0.2916666666666667,0.14433756729740646
2.10751342773438,57,OUT,4,P,0.5389285714285714,0.12333409620738355,0.14433756729740646
1.2200927734375,57,OUT,4,K,0.5191071428571428,0.14433756729740646,0.1555021169820366
1.2200927734375,57,OUT,4,G,0.5499107142857143,0.2717130069434912,0.27240805038360444
1.09048461914062,57,IN,4,L,0.5160714285714285,0.27495518547127595,0.3527329632490537
1.09048461914062,57,IN,4,F,0.5430357142857143,0.4314757303333053,0.29814239699997197
0.96551513671875,57,IN,6,R,0.5205952380952382,0.23675623699884146,0.2305252161494154
1.38043212890625,57,OUT,4,T,0.5475892857142858,0.2078689325833263,0.27343701217098704
2.17324829101562,57,IN,4,G,0.5375,0.12841347034865883,0.17076064411493064
1.24462890625,57,OUT,6,R,0.5267261904761905,0.2813389786187642,0.3527062426235595
1.31304931640625,57,IN,4,G,0.5478571428571429,0.20802844373992713,0.07453559924999299
1.98779296875,57,OUT,4,K,0.5502678571428572,0.1731125224324688,0.299839684279443
0.835906982421875,57,OUT,6,P,0.5320833333333334,0.25193774665880875,0.1517806004204932
0.822723388671875,57,IN,4,L,0.5158035714285714,0.08606629658238706,0.1721325931647741
1.23666381835938,57,OUT,4,F,0.5211607142857143,0.21939962991572037,0.2957755813986822
1.58016967773438,57,IN,8,L,0.5344642857142857,0.35853994377584364,0.4521782263214075
1.55584716796875,57,IN,4,T,0.5282142857142857,0.3655626121623441,0.4811252243246882
1.08041381835938,57,OUT,4,V,0.5085714285714287,0.18888888888888888,0.0
1.08041381835938,57,OUT,4,K,0.5320535714285715,0.3035612008409864,0.07216878364870323
1.51089477539062,57,OUT,6,F,0.531547619047619,0.2849375979852423,0.19718372093245481
0.912384033203125,57,OUT,8,G,0.5237499999999999,0.26779952417735475,0.19210572462929698
1.49856567382812,57,IN,6,B,0.5322023809523809,0.3441640786499874,0.2841640786499874
0.830810546875,57,OUT,4,P,0.5442857142857143,0.4314757303333053,0.14433756729740646
1.52252197265625,57,OUT,6,B,0.5446428571428571,0.15815966373141083,0.2584928444899341
2.6522216796875,57,OUT,8,H,0.5205357142857143,0.20001547874743036,0.11941772515768498
1.20269775390625,57,OUT,4,H,0.5542857142857143,0.27407119849998596,0.07216878364870323
1.52508544921875,57,OUT,8,P,0.5420982142857143,0.2291942729554536,0.29425740943712797
1.09774780273438,57,OUT,4,L,0.5458928571428572,0.45567656542238894,0.4795084971874737
1.54342651367188,57,IN,4,Z,0.5359821428571429,0.4136751345948129,0.2886751345948129
1.21194458007812,57,OUT,8,K,0.5101785714285714,0.2913460478595979,0.23325317547305488
1.49624633789062,57,IN,8,C,0.5328125,0.2607760729652014,0.2558415657426095
1.46405029296875,57,IN,6,S,0.5322023809523809,0.4487820106708632,0.37606318421893736
1.04067993164062,57,IN,4,H,0.5140178571428572,0.18888888888888888,0.11111111111111115
1.07470703125,57,OUT,8,K,0.5506696428571428,0.24759429678991146,0.18600423396407312
1.13381958007812,57,IN,4,V,0.5386607142857143,0.19718372093245481,0.09622504486493764
2.62051391601562,57,IN,8,S,0.5294196428571429,0.23166396507839876,0.2552636852906251
1.31875610351562,57,IN,4,R,0.5385714285714287,0.12264812168246181,0.14907119849998599
1.04757690429688,57,IN,8,H,0.5334375,0.3683469676773253,0.08247860988423227
1.10580444335938,57,IN,4,T,0.51125,0.3035612008409864,0.4146723119520976
1.412841796875,57,IN,6,N,0.5202976190476191,0.3612302187563208,0.39744363454885184
0.63824462890625,57,IN,4,R,0.5328571428571428,0.21939962991572037,0.3527329632490537
4.06719970703125,57,IN,6,D,0.5304761904761904,0.32958414406780545,0.5281178536948045
1.86740112304688,57,OUT,4,D,0.5303571428571429,0.199893122852962,0.14433756729740646
1.7967529296875,57,OUT,8,H,0.5448660714285714,0.2707188221043641,0.0777510584910183
1.62615966796875,57,IN,6,K,0.5264880952380953,0.1585538224086154,0.19106836025229595
1.01602172851562,57,IN,4,R,0.5496428571428572,0.5674500897298752,0.22360679774997896
1.01602172851562,57,IN,4,C,0.543125,0.12841347034865883,0.1822913414473247
1.05795288085938,57,IN,4,N,0.5203571428571429,0.18888888888888888,0.26666666666666666
1.65499877929688,57,IN,6,G,0.5263095238095239,0.23308942165860838,0.310191413387921
2.31930541992188,57,IN,4,S,0.5220535714285715,0.19344726708715987,0.2757834230632086
0.931640625,57,IN,4,H,0.5248214285714285,0.261906314838593,0.0
0.947174072265625,57,IN,4,H,0.5148214285714285,0.14433756729740646,0.09622504486493764
1.01101684570312,57,IN,4,Z,0.5219642857142858,0.20871441826484885,0.26835763802971174
1.81854248046875,57,IN,6,D,0.5236309523809524,0.26751594029156317,0.3471777460189541
1.6868896484375,57,OUT,4,G,0.524375,0.19989312285296204,0.33183756729740643
1.08737182617188,57,OUT,6,H,0.5211309523809524,0.2565384140902211,0.1036680779880244
0.936370849609375,57,OUT,6,L,0.520595238095238,0.2484045162283447,0.19786969545737654
2.06829833984375,57,OUT,4,B,0.5328571428571428,0.21939962991572037,0.1839721825236927
1.6986083984375,57,OUT,8,P,0.5329910714285715,0.26824677738617897,0.2525907427704613
0.6456298828125,57,IN,4,B,0.5465178571428572,0.31745008972987526,0.44245008972987526
1.07040405273438,57,OUT,8,V,0.5307142857142857,0.38025172958208714,0.10825317547305485
2.54052734375,57,IN,4,F,0.5342857142857143,0.5417428620047761,0.49529624336492356
1.03561401367188,57,OUT,6,R,0.5158333333333334,0.16709130347911494,0.2881698804995163
2.63357543945312,57,OUT,8,G,0.5124553571428572,0.2613591835190829,0.3382072006648571
0.982513427734375,57,OUT,6,V,0.544345238095238,0.34267262490420497,0.0
2.03594970703125,57,IN,6,K,0.5288095238095237,0.28431619186799895,0.12440169358562927
1.46908569335938,57,IN,8,K,0.5314285714285715,0.3872157638170009,0.21257626738751215
2.35784912109375,57,OUT,6,Z,0.5445238095238095,0.2572189124043956,0.29340245255843583
1.2625732421875,57,OUT,8,F,0.5205803571428571,0.2797042860821167,0.23987388196118747
0.833465576171875,57,IN,4,G,0.5265178571428571,0.14433756729740646,0.0
3.93072509765625,57,IN,6,H,0.5310714285714285,0.25138172947757936,0.06666666666666668
1.57357788085938,57,IN,4,T,0.5079464285714286,0.2195591410723212,0.4588872897341968
1.57357788085938,57,IN,4,G,0.5396428571428571,0.12841347034865883,0.17076064411493064
1.74349975585938,57,IN,6,L,0.5282738095238096,0.27510324550362886,0.319967935249407
1.55050659179688,57,OUT,6,G,0.52,0.22577179399080208,0.2778304117873406
1.2208251953125,57,OUT,4,K,0.5191071428571428,0.14433756729740646,0.1555021169820366
1.2208251953125,57,OUT,4,G,0.5499107142857143,0.2717130069434912,0.27240805038360444
1.27749633789062,57,IN,4,V,0.5321428571428571,0.11111111111111115,0.0
2.29580688476562,57,IN,8,G,0.5429910714285715,0.26012375166204066,0.3287081524199435
1.45849609375,57,OUT,8,B,0.5352678571428571,0.24753753634810646,0.2579048749105496
1.42721557617188,57,OUT,8,G,0.5333482142857142,0.3175912546627567,0.31557048308619795
1.54833984375,57,IN,4,S,0.5224107142857143,0.4024846688486448,0.5698318426149166
1.20648193359375,57,IN,4,Z,0.5409821428571429,0.24598221788984534,0.26835763802971174
1.31533813476562,57,IN,6,B,0.5217857142857142,0.3657359423678228,0.30736915940687515
3.4775390625,57,IN,6,D,0.5282142857142856,0.3481442632155039,0.4281178536948045
1.41598510742188,57,OUT,8,D,0.525,0.19903985501036867,0.4220597498210992
1.59332275390625,57,OUT,6,L,0.5423809523809524,0.2652098008250844,0.43724107899950226
1.69161987304688,57,OUT,8,C,0.5275446428571429,0.3003413056093898,0.26552803669145003
1.54983520507812,57,OUT,6,G,0.52,0.22577179399080208,0.2778304117873406
1.54983520507812,57,OUT,6,T,0.5345833333333333,0.42333014681572434,0.39199115640518495
1.57598876953125,57,IN,6,K,0.538452380952381,0.2676495252013323,0.30653841409022115
1.089599609375,57,OUT,4,R,0.5547321428571428,0.14433756729740646,0.28815652018676924
1.089599609375,57,OUT,4,F,0.5430357142857143,0.4314757303333053,0.29814239699997197
1.48831176757812,57,OUT,6,S,0.5391666666666667,0.28660851529194453,0.20158258797412498
2.26974487304688,57,OUT,8,S,0.5212053571428572,0.20361233399271134,0.3432926656098907
1.6331787109375,57,IN,6,Z,0.5150595238095238,0.21019360035804763,0.16994622256553113
1.69146728515625,57,OUT,6,P,0.5416666666666667,0.18038188595363308,0.2073361559760488
3.24874877929688,57,OUT,4,H,0.5328571428571429,0.15922363354357996,0.1555021169820366
2.40475463867188,57,OUT,6,B,0.5283928571428572,0.19528900580363168,0.2584928444899341
2.41928100585938,57,IN,6,G,0.5431547619047619,0.344491263917804,0.42566146722584614
1.9166259765625,57,OUT,6,B,0.522797619047619,0.448260243068378,0.3330284437399271
1.31381225585938,57,IN,4,G,0.5478571428571429,0.20802844373992713,0.07453559924999299
1.3504638671875,57,OUT,4,C,0.5127678571428572,0.18888888888888888,0.12909944487358058
1.04351806640625,57,IN,6,K,0.5515476190476191,0.22076064411493063,0.17320508075688776
1.74777221679688,57,IN,8,Z,0.5324107142857143,0.23551608359944082,0.16262946391749553
3.24609375,57,OUT,4,N,0.4973214285714286,0.11111111111111115,0.19999999999999998
1.85723876953125,57,IN,8,K,0.5202678571428572,0.3012850915666013,0.17771670512232754
1.30804443359375,57,OUT,4,G,0.5207142857142857,0.15922363354357996,0.2886751345948129
2.12429809570312,57,IN,8,D,0.5293749999999999,0.2718148327045274,0.45418062900983364
3.06619262695312,57,OUT,6,D,0.5191071428571429,0.37022786750765313,0.5515668461264173
1.33441162109375,57,IN,4,K,0.5182142857142857,0.1517806004204932,0.2073361559760488
1.56573486328125,57,IN,8,V,0.5257589285714286,0.29356300113484046,0.04123930494211613
2.50543212890625,57,IN,6,D,0.5220238095238096,0.2715794396045835,0.4049127729379167
2.856201171875,57,OUT,6,L,0.5135119047619048,0.21262674625305422,0.3196723314583158
1.69320678710938,57,IN,8,T,0.5352232142857143,0.18171969544940203,0.2146022608004934
1.40798950195312,57,IN,6,Z,0.5374404761904762,0.15245857343908503,0.23661288923219784
2.30697631835938,57,OUT,4,T,0.5424107142857142,0.26933756729740643,0.2998396842794431
2.14404296875,57,IN,8,N,0.5191071428571428,0.3146925252122241,0.42517612549957945
1.58718872070312,57,IN,8,P,0.5283035714285714,0.3745071318108427,0.30143461994867593
1.17294311523438,57,IN,8,R,0.5345982142857143,0.18171969544940206,0.20648815178448862
0.828948974609375,57,IN,4,K,0.528125,0.17820367723801736,0.2073361559760488
0.865081787109375,57,IN,4,V,0.5441071428571428,0.1517806004204932,0.1924500897298753
1.83682250976562,57,IN,8,D,0.5399107142857142,0.2480428631102125,0.3998753899113096
1.18890380859375,57,IN,8,P,0.5135714285714286,0.31753399020905404,0.04761904761904763
1.19973754882812,57,OUT,4,R,0.5297321428571429,0.24800564528543087,0.05590169943749474
1.183837890625,57,IN,6,Z,0.5431547619047619,0.22955837819827102,0.25773502691896266
0.999298095703125,57,OUT,8,K,0.5398660714285713,0.329356242232041,0.1138354503153699
3.72567749023438,57,OUT,8,N,0.5396428571428571,0.231490362859391,0.3999799595308794
0.964447021484375,57,OUT,4,R,0.5409821428571429,0.1517806004204932,0.22360679774997896
1.431640625,57,OUT,6,Z,0.5210119047619047,0.27876063631244336,0.3110042339640732
2.06671142578125,57,OUT,4,V,0.5288392857142857,0.39016027403065096,0.0
1.01629638671875,57,OUT,4,R,0.5496428571428572,0.5674500897298752,0.22360679774997896
1.01629638671875,57,OUT,4,C,0.543125,0.12841347034865883,0.1822913414473247
2.05239868164062,57,IN,4,C,0.5341071428571429,0.40248466884864476,0.1822913414473247
1.03701782226562,57,OUT,4,F,0.5373214285714285,0.44009821141233707,0.11180339887498948
0.92645263671875,57,OUT,6,P,0.5418452380952381,0.3168448665088074,0.24800564528543087
1.3905029296875,57,OUT,4,G,0.5166964285714286,0.14162185213794262,0.2002392667349012
1.19097900390625,57,IN,8,N,0.5378125,0.2411781714889103,0.30231963653447963
1.16220092773438,57,IN,6,L,0.5111309523809525,0.21778561783582262,0.28908341249828406
1.23953247070312,57,OUT,8,V,0.5333035714285714,0.37813916777657314,0.0
1.33383178710938,57,OUT,6,K,0.5280952380952381,0.21642275499194172,0.2073361559760488
1.66180419921875,57,OUT,8,V,0.5321428571428571,0.29372446639953026,0.1138354503153699
1.43798828125,57,OUT,8,G,0.520625,0.2881182901268441,0.1641548749105496
1.91455078125,57,IN,8,V,0.5338839285714285,0.1981226767311103,0.1237179148263484
2.6839599609375,57,IN,6,L,0.531547619047619,0.3581304471729707,0.49888543819998316
1.58407592773438,57,OUT,4,C,0.53125,0.20871441826484885,0.31454972243679036
1.71826171875,57,OUT,6,N,0.5357142857142857,0.33175198635880593,0.4860395759568929
1.71826171875,57,OUT,6,P,0.5148809523809524,0.17664874085517707,0.20000000000000004
2.24502563476562,57,IN,4,L,0.535,0.2078689325833263,0.34120226591665964
1.34469604492188,57,IN,8,V,0.5251785714285715,0.18737925891081295,0.04761904761904763
2.75643920898438,57,OUT,4,C,0.5062500000000001,0.2073361559760488,0.23883545031536996
1.30850219726562,57,OUT,6,S,0.5485714285714286,0.2849375979852423,0.3614985092815833
1.0919189453125,57,IN,4,L,0.5160714285714285,0.27495518547127595,0.3527329632490537
1.37677001953125,57,OUT,6,S,0.5224404761904762,0.359336766275289,0.31983184261491665
2.0284423828125,57,IN,4,F,0.54,0.26933756729740643,0.44245008972987526
5.20895385742188,57,OUT,8,F,0.5292857142857144,0.2754916734035247,0.2759582737855391
1.75277709960938,57,OUT,8,V,0.5301339285714286,0.3350196829584297,0.10825317547305485
1.01617431640625,57,OUT,8,R,0.5323214285714286,0.3342203671142144,0.4322548207492745
0.9456787109375,57,OUT,4,K,0.5264285714285715,0.35167372327345525,0.23883545031536996
1.93869018554688,57,IN,6,Z,0.5292857142857142,0.17124561927222767,0.20655911179772893
2.02548217773438,57,OUT,8,P,0.5390625,0.3408917556909766,0.33592407610379466
1.505126953125,57,IN,6,B,0.5214285714285714,0.2715794396045835,0.36792644030688354
1.901123046875,57,IN,6,K,0.5294047619047619,0.2813389786187642,0.2398717474235544
1.901123046875,57,IN,6,V,0.5229166666666667,0.2145340147766192,0.05773502691896258
2.70068359375,53,OUT,4,F,0.5302678571428572,0.336441914088586,0.29930339887498947
1.88916015625,53,OUT,4,P,0.5542857142857143,0.2510615920311206,0.38317301761277645
1.33349609375,53,IN,4,G,0.5589285714285714,0.31745008972987526,0.44245008972987526
2.00537109375,53,OUT,8,V,0.5274107142857143,0.25061206967958777,0.14991984213972154
2.4326171875,53,IN,8,Z,0.5301339285714286,0.3133104215802448,0.2712601375390119
2.079345703125,53,IN,4,D,0.525625,0.5203991593285271,0.6877463330947989
1.3974609375,53,OUT,4,G,0.5179464285714286,0.40505265351578107,0.11180339887498948
1.412841796875,53,IN,6,V,0.5512499999999999,0.24542730297911,0.11547005383792516
1.412841796875,53,IN,6,F,0.5414880952380952,0.3551353081122464,0.32888543819998317
1.34912109375,53,OUT,6,R,0.5272619047619047,0.1975951452701105,0.33120302879070984
1.3671875,53,OUT,8,H,0.5220535714285715,0.37163397996746156,0.04166666666666668
1.45263671875,53,OUT,4,T,0.5316964285714285,0.24021055598469174,0.39788305577012373
1.130859375,53,OUT,4,L,0.5591071428571429,0.22122504486493763,0.2795084971874737
1.8271484375,53,OUT,6,R,0.5320833333333334,0.22658116494903627,0.30390774566616896
2.064697265625,53,IN,8,B,0.5302678571428572,0.22938874759113287,0.22884487626845854
2.4482421875,53,OUT,8,T,0.5367410714285714,0.32379385003478156,0.45711454549783825
1.318115234375,53,IN,8,L,0.5382589285714285,0.22346432715362427,0.19660469692815083
1.57861328125,53,OUT,8,C,0.5212946428571428,0.20814725875984497,0.2294436448670984
1.415283203125,53,IN,6,G,0.5351785714285714,0.3106135249047866,0.42566146722584614
1.430908203125,53,OUT,4,G,0.5344642857142857,0.2628917115316043,0.1875
1.292724609375,53,IN,4,H,0.5019642857142858,0.13333333333333333,0.0
1.997314453125,53,OUT,6,L,0.5273809523809524,0.3481442632155039,0.43724107899950226
1.282958984375,53,IN,8,H,0.5182142857142857,0.2671657415215485,0.04123930494211613
1.489990234375,53,OUT,4,B,0.5296428571428572,0.2693375672974065,0.07216878364870323
1.306884765625,53,IN,6,R,0.5424404761904763,0.2814728842831279,0.223606797749979
1.260986328125,53,OUT,6,S,0.5140476190476191,0.17664874085517704,0.3198318426149166
1.932861328125,53,IN,8,T,0.5229017857142857,0.27679411434790513,0.3752057313050076
1.282958984375,53,IN,4,G,0.5353571428571429,0.3035612008409864,0.3849001794597506
1.502685546875,53,IN,4,P,0.5315178571428572,0.24800564528543087,0.3035612008409864
1.390380859375,53,OUT,4,R,0.562232142857143,0.2693375672974065,0.22360679774997896
1.484130859375,53,IN,8,F,0.5470535714285714,0.2666190135917367,0.21025392288422023
1.29541015625,53,IN,4,C,0.549375,0.14433756729740646,0.1924500897298753
1.22021484375,53,IN,8,F,0.531875,0.26092189591511683,0.2947484284691995
1.246337890625,53,IN,8,L,0.5328125,0.1878541007299881,0.25194448214204007
1.469482421875,53,IN,4,P,0.5329464285714285,0.2801940707691521,0.3035612008409864
1.203857421875,53,IN,4,D,0.5215178571428571,0.5026496474305622,0.39436744186490963
1.4189453125,53,OUT,4,N,0.5230357142857143,0.14162185213794262,0.32909944487358056
1.166748046875,53,OUT,6,P,0.5328571428571429,0.25396478404960954,0.40722927882901083
1.516357421875,53,OUT,6,D,0.5276785714285714,0.14920697037988165,0.26698568897986824
1.269775390625,53,IN,6,V,0.5056547619047619,0.18511393375382657,0.12440169358562927
1.269775390625,53,IN,6,K,0.5523214285714285,0.35083074531665404,0.1924500897298753
1.33837890625,53,OUT,6,Z,0.5378571428571429,0.22360395169980166,0.26289171153160434
1.5322265625,53,OUT,6,S,0.53375,0.27212350695881155,0.25614096617239596
1.21484375,53,OUT,4,G,0.5171428571428571,0.27777777777777785,0.2165063509461097
1.142822265625,53,OUT,8,D,0.5257589285714286,0.27295646655049827,0.3481270574342423
1.084228515625,53,OUT,8,S,0.5420982142857143,0.2872386660627947,0.32878949013683584
1.723876953125,53,IN,6,H,0.5219642857142858,0.18105295973638896,0.12440169358562927
1.07421875,53,IN,8,N,0.5359375,0.2382019810127198,0.3023196365344796
2.856201171875,53,IN,4,P,0.5421428571428573,0.24800564528543087,0.3997862457059241
1.219970703125,53,IN,4,Z,0.5196428571428571,0.2957661115402473,0.3943548153869964
1.219970703125,53,IN,4,D,0.5233928571428571,0.23411675639654195,0.17955837819827095
1.28759765625,53,IN,4,K,0.548125,0.34387316654739947,0.2886751345948129
1.28759765625,53,IN,4,B,0.538125,0.324893122852962,0.3462250448649376
1.581298828125,53,OUT,8,R,0.5267857142857142,0.20974219442907785,0.3322548207492745
1.834716796875,53,IN,6,C,0.5282142857142857,0.26507118289501136,0.3821367205045919
1.288330078125,53,IN,4,B,0.538125,0.324893122852962,0.3462250448649376
1.89404296875,53,IN,8,N,0.5298214285714286,0.18171969544940206,0.2064881517844886
6.303466796875,53,OUT,6,P,0.5430952380952382,0.3145387270423285,0.26289171153160434
1.38720703125,53,OUT,6,K,0.5202380952380952,0.24896053340957405,0.15922363354357996
1.27294921875,53,OUT,4,T,0.5204464285714285,0.1666666666666667,0.3333333333333334
1.134033203125,53,IN,8,Z,0.5245982142857142,0.36500874896088564,0.3435690094500924
1.463134765625,53,OUT,4,N,0.5394642857142857,0.17820367723801736,0.3118033988749895
1.463134765625,53,OUT,4,K,0.5211607142857142,0.40722927882901083,0.1555021169820366
1.329345703125,53,IN,8,B,0.5384375,0.28832962780684074,0.33598773341131566
1.355712890625,53,OUT,4,C,0.5363392857142858,0.09282335518055207,0.13671850608549352
1.23486328125,53,IN,4,D,0.5286607142857143,0.5664529123725908,0.5773502691896258
1.144287109375,53,OUT,4,D,0.5029464285714287,0.2940947403223142,0.3186409661723959
1.144287109375,53,OUT,4,V,0.5116071428571429,0.1666666666666667,0.11111111111111115
1.103271484375,53,IN,6,K,0.5417857142857142,0.24622504486493763,0.23094010767585033
2.37939453125,53,OUT,6,S,0.5358928571428572,0.2677856178358226,0.3459201552715314
1.193115234375,53,IN,4,F,0.5504464285714286,0.3628586776671536,0.24529624336492362
1.20556640625,53,OUT,6,H,0.5229761904761905,0.14419800747413683,0.15922363354357996
1.400146484375,53,OUT,6,C,0.5271428571428571,0.3555633956136004,0.28832307841716054
1.400146484375,53,OUT,6,L,0.5401785714285715,0.23213672050459186,0.16060189583238005
1.04296875,53,IN,4,V,0.5265178571428573,0.14433756729740646,0.09622504486493764
2.169921875,53,OUT,4,S,0.5409821428571429,0.12841347034865883,0.3120426656098907
1.130126953125,53,IN,4,L,0.5591071428571429,0.22122504486493763,0.2795084971874737
1.130126953125,53,IN,4,Z,0.5344642857142857,0.13009115480554856,0.20126822852228382
1.130126953125,53,IN,4,P,0.5183035714285714,0.15414425940230467,0.2222222222222223
1.4794921875,53,OUT,6,N,0.5304761904761904,0.3184208399955992,0.47030171079024025
1.40087890625,53,OUT,6,C,0.5271428571428571,0.3555633956136004,0.28832307841716054
1.40087890625,53,OUT,6,L,0.5401785714285715,0.23213672050459186,0.16060189583238005
1.60302734375,53,IN,4,T,0.5054464285714285,0.314060180709763,0.404513563669547
1.44921875,53,OUT,8,R,0.5308482142857143,0.24981392542651165,0.33225482074927454
3.113037109375,53,OUT,8,L,0.5243303571428571,0.2078918142383039,0.35272628309268017
1.250244140625,53,OUT,8,L,0.5486160714285714,0.21145129651415592,0.3440782600933846
1.085693359375,53,IN,4,F,0.53375,0.21477918909913551,0.09622504486493764
1.085693359375,53,IN,4,T,0.52625,0.7172363354357993,0.7033474465469105
1.149169921875,53,OUT,6,C,0.5369642857142857,0.4435458003250795,0.2910387935766244
1.0146484375,53,IN,8,N,0.5352232142857143,0.37450713181084266,0.40672189596385616
1.300537109375,53,OUT,4,N,0.5305357142857143,0.4553418012614796,0.3999599190617587
1.300537109375,53,OUT,4,H,0.5396428571428572,0.17652599278112766,0.08333333333333336
1.4658203125,53,OUT,4,T,0.5122321428571428,0.33136253994731063,0.3643894067162333
1.31787109375,53,OUT,6,S,0.5363690476190476,0.33311266223256014,0.42280763283906264
1.51318359375,53,OUT,4,D,0.5008035714285715,0.3569401310833123,0.4304443650473854
1.26611328125,53,OUT,8,R,0.5372321428571429,0.2306470911069303,0.2558816589683741
1.510498046875,53,IN,6,F,0.5539880952380952,0.2198173674923327,0.20491277293791677
1.366455078125,53,OUT,6,Z,0.5445833333333333,0.2792981251854302,0.3415149749909046
1.366455078125,53,OUT,6,N,0.5298809523809523,0.3441640786499874,0.4541640786499873
1.154296875,53,OUT,4,K,0.5315178571428572,0.3305170542657881,0.08333333333333336
1.711669921875,53,OUT,4,R,0.553392857142857,0.2029490695986518,0.4322548207492745
1.274658203125,53,IN,8,K,0.5465625000000001,0.25490030421345666,0.17133696244539603
1.274658203125,53,IN,8,F,0.5221875,0.26774263162817363,0.16591878364870322
1.452392578125,53,OUT,8,S,0.5373660714285715,0.21330149545914984,0.3219401164536486
1.22314453125,53,OUT,4,Z,0.5133928571428572,0.12333409620738355,0.1721325931647741
1.329345703125,53,IN,8,B,0.5384375,0.28832962780684074,0.33598773341131566
1.2197265625,53,IN,4,Z,0.5196428571428571,0.2957661115402473,0.3943548153869964
1.2197265625,53,IN,4,D,0.5233928571428571,0.23411675639654195,0.17955837819827095
1.375,53,OUT,4,G,0.5338392857142856,0.49111895009816814,0.1839721825236927
1.375,53,OUT,4,N,0.505,0.08606629658238706,0.32909944487358056
1.3095703125,53,OUT,6,D,0.5323809523809524,0.32342761593121744,0.502090518956871
1.62646484375,53,OUT,8,D,0.5267410714285714,0.19903985501036872,0.4220597498210992
1.823974609375,53,IN,8,R,0.526875,0.2577134859292966,0.3711719238559232
1.386962890625,53,OUT,4,T,0.5224107142857143,0.21939962991572037,0.2957661115402473
1.183837890625,53,OUT,4,R,0.5296428571428571,0.09622504486493764,0.2322548207492745
2.03955078125,53,OUT,4,P,0.5155357142857143,0.2940947403223142,0.08333333333333336
1.099609375,53,IN,4,C,0.5441071428571428,0.1517806004204932,0.11111111111111115
1.175537109375,53,IN,4,Z,0.49964285714285717,0.44079596660153214,0.47569379400576056
1.093505859375,53,OUT,4,D,0.5248214285714285,0.3313625399473107,0.4339721825236927
1.093505859375,53,OUT,4,R,0.50625,0.40505265351578107,0.4902734644166456
1.256591796875,53,OUT,4,F,0.5254464285714286,0.3569401310833123,0.41110679774997894
1.256591796875,53,OUT,4,S,0.5273214285714286,0.3655626121623441,0.07216878364870323
2.31591796875,53,IN,4,H,0.5220535714285715,0.3035612008409864,0.11111111111111115
1.054931640625,53,IN,4,C,0.5186607142857143,0.33778483438456636,0.3997862457059241
1.1904296875,53,OUT,4,P,0.56375,0.2029490695986518,0.2276709006307398
1.40673828125,53,OUT,4,N,0.5471428571428572,0.30493946312978654,0.44090284374857003
1.40673828125,53,OUT,4,T,0.5271428571428571,0.32559087804215703,0.4588872897341968
1.2255859375,53,IN,6,V,0.515952380952381,0.19325725614712158,0.12440169358562927
2.221923828125,53,OUT,6,C,0.5195238095238096,0.21778561783582262,0.3133678929458846
1.731201171875,53,OUT,6,B,0.5177380952380953,0.23791481123447702,0.17076064411493064
1.1435546875,53,OUT,4,D,0.5029464285714287,0.2940947403223142,0.3186409661723959
1.1435546875,53,OUT,4,V,0.5259821428571428,0.4319746711896453,0.0
1.1435546875,53,OUT,4,V,0.5116071428571429,0.1666666666666667,0.11111111111111115
1.1435546875,53,OUT,4,F,0.5615178571428572,0.3113389981249825,0.14907119849998599
1.231689453125,53,OUT,6,F,0.5155357142857143,0.25120286841341255,0.19718372093245481
1.73193359375,53,IN,8,C,0.5298214285714286,0.32379385003478156,0.3446999183037733
1.14453125,53,IN,4,D,0.5029464285714287,0.2940947403223142,0.3186409661723959
1.14453125,53,IN,4,V,0.5116071428571429,0.1666666666666667,0.11111111111111115
1.18310546875,53,IN,4,R,0.5296428571428571,0.09622504486493764,0.2322548207492745
1.11865234375,53,IN,4,D,0.5088392857142857,0.27442872210295505,0.4377463330947989
1.2626953125,53,IN,6,C,0.5469642857142857,0.13891465475842332,0.10937480486839482
1.421630859375,53,OUT,4,S,0.5373214285714286,0.4241741144635895,0.3023738819611874
1.275634765625,53,OUT,4,P,0.543125,0.4166666666666667,0.5051814855409226
1.388916015625,53,OUT,8,D,0.5376339285714286,0.23369754118851702,0.41898926673490117
3.6826171875,53,IN,8,K,0.5317857142857143,0.239649922140898,0.1364774001802114
1.279541015625,53,IN,4,G,0.5162500000000001,0.24529624336492362,0.26698568897986824
1.3095703125,53,OUT,4,S,0.5282142857142857,0.25682694069731765,0.3745426656098907
2.338623046875,53,OUT,6,Z,0.5104761904761905,0.1544265186329548,0.22768814872032964
1.0908203125,53,IN,4,C,0.5392857142857141,0.3420477515981822,0.26835763802971174
2.36279296875,53,IN,6,C,0.5412499999999999,0.2592528490310324,0.3093748048683949
1.0556640625,53,IN,6,C,0.5264285714285714,0.2695476899480733,0.2825798856252826
1.088134765625,53,IN,6,D,0.5391666666666667,0.3401580870605244,0.19717774601895416
1.088134765625,53,IN,6,K,0.5256547619047619,0.26936411661819715,0.0
1.35498046875,53,IN,6,B,0.5525595238095238,0.31684486650880733,0.25245638646895835
1.006591796875,53,IN,4,S,0.5128571428571429,0.2405626121623441,0.1924500897298753
1.040771484375,53,IN,6,N,0.5099404761904762,0.38414928063083326,0.4868863536488434
1.040771484375,53,IN,6,H,0.5239880952380952,0.25824358097566746,0.0
1.0615234375,53,IN,4,T,0.5419642857142857,0.6210112905708617,0.7033474465469105
1.06591796875,53,OUT,4,H,0.5345535714285714,0.3049394631297865,0.1555021169820366
1.06591796875,53,OUT,4,T,0.5348214285714286,0.36847082841570633,0.1721325931647741
1.171875,53,IN,4,P,0.5375,0.307303122111598,0.1666666666666667
1.171875,53,IN,4,Z,0.5283928571428571,0.3709822178898454,0.26835763802971174
1.171875,53,IN,4,T,0.5625,0.2029490695986518,0.3755539564008634
1.8037109375,53,OUT,4,B,0.5207142857142857,0.31745008972987526,0.5915063509461097
1.30419921875,53,OUT,4,D,0.53,0.0985887038467491,0.40047853346980244
1.024658203125,53,IN,4,H,0.5186607142857143,0.15414425940230467,0.11111111111111115
1.376708984375,53,IN,4,F,0.5341964285714286,0.4075640429899201,0.49529624336492356
1.118896484375,53,IN,6,H,0.5301190476190477,0.3398717474235544,0.05773502691896258
5.056884765625,53,OUT,4,T,0.5116964285714285,0.23411675639654192,0.3720084679281463
1.45849609375,53,IN,6,S,0.5146428571428571,0.2095250518708744,0.30736915940687515
1.45849609375,53,IN,6,B,0.5282142857142856,0.17915950725535715,0.2886751345948129
2.0224609375,53,OUT,6,B,0.5344047619047619,0.3282982816614839,0.21887316654739944
1.166015625,53,IN,6,P,0.5328571428571429,0.25396478404960954,0.40722927882901083
1.19775390625,53,IN,4,H,0.5396428571428571,0.2368033988749895,0.0
1.1455078125,53,IN,8,B,0.5438392857142857,0.25656309779504943,0.3287081524199435
1.139892578125,53,OUT,4,G,0.5213392857142857,0.35220649988073277,0.4436409661723959
0.9755859375,53,IN,4,F,0.5307142857142857,0.20802844373992713,0.14907119849998599
2.23876953125,53,OUT,8,R,0.5358035714285714,0.21257256195535293,0.33657883224892227
1.12158203125,53,IN,6,N,0.5143452380952381,0.21262674625305422,0.223606797749979
2.077392578125,53,OUT,8,F,0.5241517857142857,0.35940609687457875,0.1478877906993411
1.368408203125,53,OUT,4,D,0.5325892857142858,0.08538032205746532,0.3714721825236927
1.08056640625,53,IN,4,H,0.5308035714285715,0.1517806004204932,0.2073361559760488
1.972900390625,53,OUT,6,L,0.525892857142857,0.42472290286895753,0.3742361770819034
1.021484375,53,IN,4,F,0.5423214285714286,0.14433756729740646,0.09622504486493764
1.16064453125,53,IN,8,K,0.5297321428571429,0.2253215953708962,0.08885835256116377
1.0546875,53,IN,8,H,0.5245535714285714,0.18737925891081295,0.09523809523809526
1.086181640625,53,OUT,6,N,0.5397023809523809,0.24000565308791816,0.223606797749979
1.098388671875,53,IN,8,L,0.5282589285714285,0.46650954180592313,0.5628348933559052
2.00390625,53,OUT,8,Z,0.5364732142857143,0.25537514603263184,0.29018383669793224
1.03125,53,IN,6,V,0.5594642857142856,0.237973903431408,0.11547005383792516
1.08349609375,53,IN,4,L,0.5401785714285714,0.40740453183331926,0.4157378651666526
1.095458984375,53,IN,8,L,0.5229464285714286,0.35477030482409566,0.3662301964277543
1.076416015625,53,IN,8,P,0.53625,0.2552998866689148,0.17771670512232754
1.269775390625,53,OUT,6,V,0.5056547619047619,0.18511393375382657,0.12440169358562927
1.269775390625,53,OUT,6,K,0.5523214285714285,0.35083074531665404,0.1924500897298753
1.30029296875,53,OUT,4,N,0.5305357142857143,0.4553418012614796,0.3999599190617587
1.30029296875,53,OUT,4,H,0.5396428571428572,0.17652599278112766,0.08333333333333336
1.1474609375,53,OUT,8,Z,0.5383035714285714,0.3604969076853258,0.33798673460777734
1.1435546875,53,OUT,6,K,0.5223809523809524,0.2306562757636018,0.25544867840851765
1.1259765625,53,OUT,6,Z,0.527202380952381,0.32280620981397395,0.3110042339640732
1.27880859375,53,OUT,6,N,0.5514880952380953,0.35083074531665404,0.4687435299583018
1.2783203125,53,IN,8,K,0.5438392857142857,0.2739086934428298,0.16495721976846453
2.052978515625,53,OUT,8,G,0.5318303571428571,0.20470194289983815,0.1641548749105496
6.341796875,53,IN,4,D,0.5319642857142857,0.3035612008409864,0.3849001794597506
1.748291015625,53,IN,4,P,0.5291964285714286,0.2693375672974065,0.0
1.130859375,53,OUT,4,Z,0.5344642857142857,0.13009115480554856,0.20126822852228382
1.130859375,53,OUT,4,P,0.5183035714285714,0.15414425940230467,0.2222222222222223
1.130859375,53,OUT,4,L,0.5306249999999999,0.325590878042157,0.33273448899715413
1.11767578125,53,IN,4,D,0.5088392857142857,0.27442872210295505,0.4377463330947989
1.11767578125,53,IN,4,C,0.5496428571428571,0.3420477515981821,0.26835763802971174
1.087158203125,53,IN,6,D,0.5391666666666667,0.3401580870605244,0.19717774601895416
1.087158203125,53,IN,6,N,0.5397023809523809,0.24000565308791816,0.223606797749979
1.9404296875,53,IN,4,G,0.5475892857142858,0.2078689325833263,0.14907119849998599
1.110107421875,53,IN,4,P,0.5200892857142857,0.4050526535157812,0.0
1.25634765625,53,OUT,4,F,0.5254464285714286,0.3569401310833123,0.41110679774997894
1.25634765625,53,OUT,4,S,0.5273214285714286,0.3655626121623441,0.07216878364870323
1.4072265625,53,IN,6,N,0.5126785714285713,0.23329748171035414,0.2632795558988644
1.296142578125,53,IN,4,H,0.5366964285714285,0.25682694069731765,0.09622504486493764
1.296142578125,53,IN,4,V,0.5237499999999999,0.5026433341916056,0.0
1.130615234375,53,IN,4,Z,0.5344642857142857,0.13009115480554856,0.20126822852228382
1.130615234375,53,IN,4,P,0.5183035714285714,0.15414425940230467,0.2222222222222223
1.130615234375,53,IN,4,L,0.5306249999999999,0.325590878042157,0.33273448899715413
1.11376953125,53,OUT,6,V,0.5075,0.24298505330727954,0.04811252243246882
1.45068359375,53,OUT,8,B,0.5461607142857143,0.1925348484470371,0.2876196333674506
0.978515625,53,IN,4,B,0.5121428571428571,0.4319746711896453,0.5556608235746812
1.111083984375,53,OUT,4,P,0.5200892857142857,0.4050526535157812,0.0
1.59716796875,53,IN,6,N,0.5357738095238096,0.27009428259788404,0.37160771319883923
1.78271484375,53,OUT,8,F,0.5264732142857144,0.22516602778734524,0.3138065743480443
2.573974609375,53,IN,6,N,0.5079761904761905,0.2677240003433089,0.3149193338482966
1.3095703125,53,IN,6,D,0.5323809523809524,0.32342761593121744,0.502090518956871
1.243408203125,53,IN,4,Z,0.4975892857142857,0.342207262754783,0.3645826828946494
1.67041015625,53,OUT,4,D,0.5171428571428571,0.30546592649810744,0.44011314869608864
1.402099609375,53,OUT,8,C,0.5220535714285715,0.2223758898376367,0.26552803669145003
1.57177734375,53,OUT,8,F,0.5232142857142856,0.3696443597655885,0.24163779069934108
1.299560546875,53,IN,4,N,0.5305357142857143,0.4553418012614796,0.3999599190617587
1.299560546875,53,IN,4,H,0.5396428571428572,0.17652599278112766,0.08333333333333336
1.299560546875,53,IN,4,L,0.5291071428571429,0.13349284448993412,0.07453559924999299
1.139404296875,53,OUT,4,G,0.5213392857142857,0.35220649988073277,0.4436409661723959
1.450439453125,53,OUT,6,F,0.5263690476190476,0.2840534135595754,0.17076064411493064
1.415283203125,53,IN,6,H,0.5218452380952381,0.3295841440678054,0.0
1.125,53,IN,6,Z,0.527202380952381,0.32280620981397395,0.3110042339640732
1.781494140625,53,OUT,6,Z,0.5405357142857143,0.24582617392202386,0.21477918909913551
1.781494140625,53,OUT,6,H,0.5433928571428571,0.1985406088628351,0.05773502691896258
1.94775390625,53,OUT,6,F,0.522797619047619,0.14486908125689274,0.2957606441149306
1.16845703125,53,OUT,4,Z,0.5316071428571428,0.6310113295832983,0.4747052406932709
1.072998046875,53,IN,4,B,0.528125,0.28832939165611715,0.17076064411493064
1.4599609375,53,IN,6,B,0.5282142857142856,0.17915950725535715,0.2886751345948129
0.967529296875,53,IN,8,D,0.5359375,0.2675752498564223,0.3752111426526848
0.967529296875,53,IN,8,P,0.5229464285714285,0.20335117303581146,0.04761904761904763
1.30322265625,53,OUT,8,H,0.5365625,0.3197959085638241,0.07216878364870323
1.171875,53,OUT,4,P,0.5375,0.307303122111598,0.1666666666666667
1.171875,53,OUT,4,Z,0.5283928571428571,0.3709822178898454,0.26835763802971174
1.171875,53,OUT,4,T,0.5625,0.2029490695986518,0.3755539564008634
2.35986328125,53,IN,6,H,0.5208333333333334,0.38429387454539465,0.05773502691896258
0.9755859375,53,IN,4,F,0.5307142857142857,0.20802844373992713,0.14907119849998599
2.8544921875,53,OUT,4,D,0.5194642857142857,0.32830659320162087,0.5879785334698024
1.40771484375,53,OUT,4,T,0.5271428571428571,0.32559087804215703,0.4588872897341968
1.29736328125,53,OUT,4,V,0.5237499999999999,0.5026433341916056,0.0
1.121826171875,53,OUT,4,G,0.5296428571428571,0.2693375672974065,0.14433756729740646
1.093017578125,53,IN,4,D,0.5248214285714285,0.3313625399473107,0.4339721825236927
1.093017578125,53,IN,4,R,0.50625,0.40505265351578107,0.4902734644166456
0.85791015625,53,IN,4,L,0.5175,0.7354101966249685,0.7569401310833123
0.898193359375,53,IN,4,S,0.5183035714285714,0.14433756729740646,0.2886751345948129
1.271484375,53,IN,6,V,0.5291666666666667,0.18213672050459187,0.12440169358562927
1.89794921875,53,IN,6,Z,0.5117261904761904,0.24000784005804485,0.28541627640345635
1.6826171875,53,OUT,4,N,0.5329464285714286,0.28019407076915204,0.320451421874285
0.968994140625,53,IN,8,P,0.5229464285714285,0.20335117303581146,0.04761904761904763
0.802490234375,53,IN,4,D,0.5366964285714286,0.2147791890991355,0.3333333333333333
0.92626953125,53,IN,8,S,0.5240624999999999,0.26016265871416894,0.4169987222413571
1.13330078125,53,IN,6,B,0.525952380952381,0.2675159402915632,0.19472135954999578
1.7822265625,53,IN,6,H,0.5433928571428571,0.1985406088628351,0.05773502691896258
1.098876953125,53,OUT,6,S,0.5276785714285714,0.23181484999923738,0.3679443650473855
2.0146484375,53,OUT,8,N,0.5363392857142857,0.26670067464848995,0.4279308092496267
1.048828125,53,IN,4,T,0.5555357142857142,0.2510615920311206,0.27851638631226233
1.04736328125,53,IN,4,T,0.5555357142857142,0.2510615920311206,0.27851638631226233
1.04736328125,53,IN,4,P,0.5175,0.22122504486493763,0.0
1.163330078125,53,OUT,4,R,0.5399107142857142,0.2693375672974065,0.2322548207492745
0.923583984375,53,IN,6,P,0.5413095238095238,0.25396007178390023,0.2886751345948129
0.9345703125,53,IN,4,S,0.5283035714285714,0.2767806004204932,0.3462250448649376
1.513427734375,53,OUT,6,T,0.5211309523809523,0.2855017781210867,0.18465500042913616
1.393798828125,53,OUT,6,G,0.5278571428571429,0.2711827556317962,0.35471788935487175
1.698974609375,53,OUT,8,G,0.5209821428571428,0.2224801303740662,0.20023926673490122
1.0537109375,53,IN,6,K,0.5316666666666667,0.23864497721416394,0.18213672050459184
1.326904296875,53,IN,4,H,0.5211607142857143,0.2222222222222223,0.11111111111111115
1.143798828125,53,IN,4,V,0.5259821428571428,0.4319746711896453,0.0
1.143798828125,53,IN,4,V,0.5116071428571429,0.1666666666666667,0.11111111111111115
1.143798828125,53,IN,4,F,0.5615178571428572,0.3113389981249825,0.14907119849998599
1.20068359375,53,IN,4,V,0.52,0.11111111111111115,0.11111111111111115
1.130859375,53,IN,4,Z,0.5344642857142857,0.13009115480554856,0.20126822852228382
1.130859375,53,IN,4,P,0.5183035714285714,0.15414425940230467,0.2222222222222223
1.130859375,53,IN,4,L,0.5306249999999999,0.325590878042157,0.33273448899715413
1.4716796875,53,OUT,6,C,0.5272619047619048,0.1975951452701105,0.2578123373903291
1.33447265625,53,OUT,8,D,0.509375,0.26765523531013863,0.3432926656098907
0.97314453125,53,IN,4,D,0.5478571428571428,0.23680339887498947,0.39907119849998596
0.97314453125,53,IN,4,H,0.5475892857142858,0.1517806004204932,0.2073361559760488
1.303955078125,53,IN,6,T,0.5561309523809523,0.4061395431473073,0.5374785217660715
4.3388671875,53,OUT,8,R,0.5410714285714285,0.27653295339100536,0.36885369346731744
1.8984375,53,IN,8,K,0.5304017857142858,0.2894192367139677,0.17771670512232754
1.542236328125,53,IN,8,Z,0.5341964285714286,0.20226273571982387,0.2514878164786593
3.12353515625,53,OUT,6,S,0.5185714285714287,0.2232795558988645,0.41605688747985425
5.483642578125,53,IN,4,P,0.5160714285714285,0.40722927882901083,0.5108973568170353
2.0703125,53,IN,4,P,0.5128571428571429,0.2405626121623441,0.2886751345948129
5.73291015625,53,OUT,8,C,0.5286160714285715,0.2474036596937676,0.29957564214620375
2.148193359375,53,OUT,4,P,0.5077678571428571,0.27611818722411796,0.14433756729740646
1.39697265625,53,OUT,4,H,0.5559821428571429,0.375,0.08333333333333336
1.39697265625,53,OUT,4,G,0.5179464285714286,0.40505265351578107,0.11180339887498948
1.297607421875,53,OUT,4,V,0.5140178571428571,0.14433756729740646,0.08333333333333336
2.079345703125,53,OUT,4,D,0.525625,0.5203991593285271,0.6877463330947989
1.529296875,53,OUT,4,K,0.5194642857142857,0.2761181872241179,0.07216878364870323
2.0654296875,53,OUT,4,L,0.5430357142857143,0.24800564528543087,0.28815652018676924
1.800537109375,53,OUT,4,K,0.5338392857142857,0.49111895009816814,0.0
2.127685546875,53,IN,4,L,0.5228571428571429,0.25682694069731765,0.3212037916647601
1.6025390625,53,OUT,4,G,0.5390178571428572,0.35167372327345525,0.40400635094610965
1.6025390625,53,OUT,4,T,0.5054464285714285,0.314060180709763,0.404513563669547
3.076904296875,53,OUT,6,Z,0.5305952380952381,0.18769227606014738,0.25544867840851765
1.574951171875,53,OUT,4,F,0.5282142857142857,0.19718372093245481,0.3714721825236927
1.773193359375,53,OUT,8,C,0.5351785714285715,0.41487993057562533,0.32449548428592523
3.267578125,53,IN,6,L,0.5359523809523808,0.34267262490420497,0.3458038565994196
1.1650390625,53,IN,4,T,0.543125,0.2693375672974065,0.2886751345948129
1.276611328125,53,OUT,6,B,0.5330357142857143,0.2058557112350587,0.2103803220574653
1.343994140625,53,IN,4,K,0.5099107142857142,0.11111111111111115,0.2222222222222223
1.197509765625,53,IN,4,N,0.5237499999999999,0.5026433341916057,0.5248655564138277
1.359375,53,IN,8,L,0.5369196428571428,0.232070948985214,0.27894658296386815
1.464111328125,53,OUT,4,N,0.5394642857142857,0.17820367723801736,0.3118033988749895
1.464111328125,53,OUT,4,T,0.5122321428571428,0.33136253994731063,0.3643894067162333
1.455078125,53,OUT,8,F,0.5299107142857142,0.2810362216240688,0.2579048749105496
1.3798828125,53,OUT,8,D,0.5266071428571428,0.262369655797515,0.47441122585665924
1.27197265625,53,OUT,8,Z,0.5279464285714286,0.2227353936498273,0.2144695645765118
1.75732421875,53,IN,6,C,0.5431547619047619,0.32899007072260894,0.2943479161511604
1.13671875,53,OUT,4,R,0.5104464285714286,0.14162185213794262,0.32909944487358056
1.1357421875,53,OUT,8,Z,0.5245982142857142,0.36500874896088564,0.3435690094500924
1.29248046875,53,OUT,4,H,0.5019642857142858,0.13333333333333333,0.0
1.375732421875,53,OUT,4,G,0.5338392857142856,0.49111895009816814,0.1839721825236927
1.375732421875,53,OUT,4,N,0.505,0.08606629658238706,0.32909944487358056
1.375732421875,53,OUT,4,F,0.5341964285714286,0.4075640429899201,0.49529624336492356
1.394775390625,53,IN,6,V,0.5239285714285714,0.2843161918679989,0.1036680779880244
1.394775390625,53,IN,6,C,0.5275595238095238,0.4972079033996033,0.5065384140902213
1.24072265625,53,OUT,6,N,0.5194642857142857,0.252606295145982,0.342733726123104
1.951904296875,47,OUT,4,H,0.5527678571428571,0.2693375672974065,0.2276709006307398
2.36669921875,47,OUT,8,V,0.5357142857142857,0.23761751762191902,0.1138354503153699
2.36669921875,47,OUT,8,H,0.5306249999999999,0.1990412078472879,0.08885835256116377
2.476318359375,47,OUT,4,H,0.5295535714285714,0.33136253994731063,0.07216878364870323
2.33447265625,47,OUT,6,L,0.5325595238095238,0.34434354221090707,0.2824045318333193
2.36767578125,47,IN,8,H,0.5306249999999999,0.1990412078472879,0.08885835256116377
2.2119140625,47,OUT,4,N,0.5375,0.24598221788984534,0.49680454318606476
2.817626953125,47,OUT,4,S,0.5094642857142857,0.21939962991572037,0.4797477639223749
1.921875,47,IN,4,P,0.5329464285714285,0.28019407076915204,0.3035612008409864
4.062255859375,47,OUT,6,G,0.5374404761904761,0.22915950725535714,0.1731125224324688
1.66650390625,47,OUT,8,L,0.5359821428571429,0.22447615226897558,0.2956559480312316
1.577880859375,47,IN,4,C,0.5451785714285714,0.37878277461590115,0.404513563669547
2.24658203125,47,OUT,4,L,0.5229464285714286,0.3035612008409864,0.12045142187428504
1.739990234375,47,IN,6,C,0.5251785714285714,0.23386200017165443,0.15491933384829668
3.510986328125,47,OUT,8,R,0.5272321428571428,0.30823261583579614,0.44090284374857003
3.515625,47,OUT,6,N,0.5236904761904763,0.2706267384505669,0.3527062426235596
1.961181640625,47,IN,8,K,0.5340178571428571,0.23086834525338124,0.1300976575032799
2.9619140625,47,IN,4,C,0.5237499999999999,0.5026433341916056,0.3943548153869964
1.809814453125,47,IN,4,B,0.5533928571428571,0.4241741144635894,0.4207606441149306
3.10546875,47,OUT,4,G,0.5092857142857143,0.34220726275478297,0.05590169943749474
2.40869140625,47,OUT,4,K,0.5220535714285715,0.19344726708715987,0.1555021169820366
1.865234375,47,IN,4,D,0.5439285714285714,0.24800564528543087,0.3849001794597506
1.832763671875,47,OUT,4,R,0.5198214285714285,0.35167372327345525,0.17635312131177977
4.899658203125,47,OUT,8,C,0.5294642857142857,0.27679546718482445,0.29780289790984515
2.75634765625,47,OUT,8,R,0.5358482142857143,0.390506653372115,0.17635312131177977
1.4267578125,47,IN,4,Z,0.5320535714285715,0.3035612008409864,0.4146723119520976
4.411865234375,47,OUT,8,C,0.5289285714285714,0.25286167924722125,0.3110042339640732
2.553955078125,47,IN,4,N,0.5405357142857142,0.3420477515981822,0.42726856249904666
1.9365234375,47,IN,6,V,0.5423809523809523,0.1858783493122576,0.11547005383792516
2.10400390625,47,OUT,8,H,0.5289732142857143,0.2454564801433636,0.08247860988423227
1.7802734375,47,IN,4,Z,0.5159821428571428,0.47022786750765316,0.5257834230632087
4.9375,47,OUT,8,H,0.5306696428571429,0.23526217316059903,0.1555021169820366
2.795654296875,47,IN,4,F,0.5420535714285715,0.20871441826484885,0.24529624336492362
1.35888671875,47,IN,8,K,0.5345089285714286,0.1844030684346225,0.17771670512232754
3.739501953125,47,OUT,6,P,0.538452380952381,0.27415525661532164,0.40722927882901083
1.775634765625,47,OUT,4,D,0.5075892857142856,0.625297769113024,0.3582755813986822
2.95654296875,47,OUT,8,K,0.5170089285714285,0.2762901404227184,0.11941772515768498
1.758056640625,47,IN,4,Z,0.5226785714285714,0.27442872210295505,0.20126822852228382
1.758056640625,47,IN,4,L,0.5134821428571429,0.5108973568170353,0.17635312131177977
1.36279296875,47,IN,4,Z,0.5114285714285713,0.342207262754783,0.3645826828946494
3.89892578125,47,OUT,8,Z,0.5369642857142858,0.19971761240034322,0.23325317547305488
1.2353515625,47,IN,4,B,0.5128571428571429,0.2405626121623441,0.2886751345948129
1.0869140625,47,IN,6,L,0.5219642857142858,0.18105295973638894,0.17888543819998318
2.032470703125,47,IN,4,K,0.5236607142857143,0.15414425940230467,0.11111111111111115
2.103759765625,47,IN,8,L,0.5334375,0.23638091417373744,0.29565594803123163
2.103759765625,47,IN,8,H,0.5289732142857143,0.2454564801433636,0.08247860988423227
1.8154296875,47,OUT,4,K,0.545625,0.2554486784085176,0.1555021169820366
2.098876953125,47,OUT,4,R,0.5558035714285714,0.3655626121623441,0.344058219624264
2.098876953125,47,OUT,4,D,0.5403571428571428,0.21939962991572037,0.44011314869608864
1.538330078125,47,IN,4,N,0.5365178571428572,0.261906314838593,0.23513749508237303
1.33154296875,47,IN,4,C,0.5565178571428571,0.3387937924061242,0.27851638631226233
2.095947265625,47,IN,4,B,0.5426785714285713,0.1731125224324688,0.25
2.480712890625,47,OUT,4,C,0.5379464285714286,0.39016027403065096,0.36793489518895056
1.48876953125,47,OUT,4,R,0.514375,0.19718372093245481,0.42360679774997895
3.37841796875,47,IN,8,C,0.536517857142857,0.18788575726405823,0.2558415657426095
1.1767578125,47,IN,6,H,0.51625,0.2797834386681833,0.12440169358562927
1.8837890625,47,OUT,4,N,0.5639285714285714,0.20802844373992713,0.3677050983124842
1.6748046875,47,OUT,8,Z,0.5219642857142857,0.30518824468112815,0.30748461762574075
1.6748046875,47,OUT,8,V,0.5358035714285714,0.33241494259000637,0.0
1.270751953125,47,IN,4,L,0.5165178571428573,0.0985887038467491,0.08606629658238706
3.46533203125,47,IN,8,N,0.5305357142857143,0.20294873397321572,0.25194448214204007
1.652587890625,47,IN,6,F,0.5244047619047619,0.14717522072337152,0.20491277293791677
1.407958984375,47,IN,4,Z,0.5315178571428572,0.3181478449190703,0.28324370427588524
2.994140625,47,OUT,4,N,0.5447321428571428,0.4285612008409864,0.3613542656228551
1.694580078125,47,IN,6,V,0.5295833333333334,0.19291906187451252,0.0
1.694580078125,47,IN,6,H,0.5154166666666666,0.12929088762413823,0.06666666666666668
1.932861328125,47,IN,6,B,0.5420833333333334,0.22618229400612247,0.32320508075688775
5.0439453125,47,OUT,6,V,0.5471428571428572,0.24840451622834472,0.09622504486493764
3.2373046875,47,IN,6,F,0.5473809523809523,0.2265811649490363,0.17320508075688776
1.94091796875,47,OUT,6,K,0.5430357142857143,0.20057235851934518,0.2073361559760488
4.047607421875,47,OUT,8,V,0.5438392857142857,0.27390869344282986,0.10825317547305485
1.595458984375,47,IN,4,L,0.546517857142857,0.22122504486493763,0.17635312131177977
1.595458984375,47,IN,4,L,0.5283928571428571,0.37098221788984537,0.3957393909147531
2.59033203125,47,OUT,4,L,0.5466964285714285,0.5026496474305622,0.64090284374857
1.594482421875,47,IN,4,L,0.546517857142857,0.22122504486493763,0.17635312131177977
1.594482421875,47,IN,4,L,0.5283928571428571,0.37098221788984537,0.3957393909147531
1.594482421875,47,IN,4,G,0.5329464285714285,0.2801940707691521,0.3632107338448059
2.752197265625,47,OUT,4,T,0.5325892857142858,0.1924500897298753,0.4665063509461098
1.6875,47,OUT,4,R,0.5147321428571427,0.378629576698257,0.5118033988749895
2.46630859375,47,OUT,6,B,0.5335714285714285,0.26778561783582255,0.3353803220574653
1.674072265625,47,IN,8,Z,0.5219642857142857,0.30518824468112815,0.30748461762574075
1.674072265625,47,IN,8,V,0.5358035714285714,0.33241494259000637,0.0
3.591796875,47,IN,8,K,0.5213839285714286,0.31907185208332567,0.22533575274137516
3.29248046875,47,OUT,6,H,0.5280357142857144,0.29027061836646834,0.11111111111111115
4.279296875,47,OUT,8,P,0.5359375,0.3187668976380377,0.26375529245509144
1.447509765625,47,OUT,4,T,0.5397321428571429,0.3902734644166456,0.49756242432900966
1.365234375,47,OUT,4,R,0.5270535714285715,0.23680339887498947,0.3677050983124842
3.523681640625,47,IN,8,H,0.5332142857142856,0.3408917556909766,0.04123930494211613
2.24853515625,47,OUT,6,K,0.5214285714285714,0.32525096721052577,0.199893122852962
1.4013671875,47,OUT,4,T,0.5020535714285714,0.3569401310833123,0.3679348951889505
1.35205078125,47,OUT,4,L,0.5447321428571428,0.2559814550157951,0.4559016994374947
1.382568359375,47,OUT,4,B,0.5399107142857142,0.15922363354357996,0.2165063509461097
2.31298828125,47,OUT,8,T,0.5354464285714285,0.2545808790445335,0.3699716815585484
1.10986328125,47,OUT,4,S,0.525,0.0985887038467491,0.3842114492585939
2.19677734375,47,IN,4,C,0.5247321428571429,0.5122756191058353,0.5007386085344846
1.268310546875,47,OUT,4,V,0.5516071428571429,0.22122504486493763,0.14433756729740646
1.268310546875,47,OUT,4,N,0.5608035714285714,0.21379379240612414,0.23513749508237303
1.47021484375,47,OUT,4,B,0.525625,0.5203991593285271,0.5752392667349012
3.44873046875,47,IN,6,H,0.5332738095238095,0.23330253230151943,0.12440169358562927
1.4990234375,47,OUT,4,B,0.5350892857142857,0.3364419140885859,0.3877392667349012
2.685546875,47,OUT,6,R,0.5075595238095238,0.23703062680881015,0.3742361770819034
1.140625,47,OUT,4,S,0.5102678571428572,0.20871441826484885,0.4467114492585939
1.73193359375,47,IN,4,B,0.5475892857142857,0.1517806004204932,0.09622504486493764
1.38623046875,47,OUT,6,K,0.5257738095238095,0.3282982816614839,0.05555555555555557
1.694580078125,47,IN,6,V,0.5295833333333334,0.19291906187451252,0.0
1.694580078125,47,IN,6,H,0.5154166666666666,0.12929088762413823,0.06666666666666668
1.48291015625,47,IN,4,T,0.5335714285714286,0.36847082841570633,0.1721325931647741
1.764404296875,47,OUT,6,V,0.5070833333333334,0.1988709630773993,0.05555555555555557
1.35302734375,47,OUT,4,L,0.5447321428571428,0.2559814550157951,0.4559016994374947
3.568359375,47,OUT,8,T,0.5220089285714287,0.20470329573675744,0.2561362312431785
1.361328125,47,IN,4,Z,0.5114285714285713,0.342207262754783,0.3645826828946494
1.361328125,47,IN,4,V,0.5324107142857143,0.2073361559760488,0.1924500897298753
1.105224609375,47,IN,8,Z,0.5282589285714285,0.20767813337602864,0.19516127033171116
1.388427734375,47,OUT,4,N,0.5242857142857142,0.14162185213794262,0.1721325931647741
1.388427734375,47,OUT,4,F,0.5496428571428571,0.3420477515981822,0.22360679774997896
2.34912109375,47,OUT,6,H,0.549702380952381,0.23594215377489794,0.1036680779880244
1.462890625,47,IN,4,V,0.5466964285714285,0.21939962991572037,0.0
2.59326171875,47,OUT,8,N,0.5391071428571428,0.18781285049558133,0.2086279825301749
1.832763671875,47,IN,6,S,0.5258333333333334,0.274432171720873,0.45736915940687517
1.065673828125,47,IN,8,L,0.5256696428571428,0.23856013198799117,0.2433737074626545
1.32568359375,47,IN,4,C,0.5495535714285714,0.19989312285296204,0.0
3.669921875,47,OUT,6,S,0.5326785714285714,0.24896053340957405,0.47092015527153147
1.34326171875,47,OUT,4,R,0.50875,0.1666666666666667,0.19364916731037085
2.900390625,47,IN,8,V,0.533794642857143,0.25370495099968193,0.1237179148263484
1.27001953125,47,IN,4,L,0.5165178571428573,0.0985887038467491,0.08606629658238706
1.759521484375,47,OUT,4,L,0.5134821428571429,0.5108973568170353,0.17635312131177977
4.227783203125,47,OUT,8,D,0.5462053571428571,0.21307788871745897,0.34682048308619795
2.945556640625,47,OUT,8,R,0.5473660714285715,0.28124990248634407,0.36452968196766966
3.134521484375,47,IN,4,V,0.5364285714285715,0.19718372093245481,0.09622504486493764
4.572998046875,47,OUT,4,P,0.5400892857142858,0.09622504486493764,0.14433756729740646
3.91357421875,47,IN,8,G,0.5345982142857143,0.3547182798852515,0.49366537218840806
3.02783203125,47,OUT,4,F,0.4928571428571429,0.314060180709763,0.29930339887498947
5.361572265625,47,IN,6,L,0.5091071428571428,0.38414928063083326,0.4868863536488434
2.951416015625,47,IN,8,N,0.5353571428571429,0.2211391051436752,0.17454432353449165
3.5234375,47,OUT,4,K,0.5392857142857143,0.3420477515981822,0.07216878364870323
2.0966796875,47,IN,6,C,0.538452380952381,0.28431619186799895,0.31547005383792526
2.94921875,47,OUT,4,C,0.5248214285714285,0.1036680779880244,0.23883545031536996
2.22412109375,47,IN,8,F,0.5404017857142858,0.26245014526312904,0.2947484284691995
3.2158203125,47,OUT,6,S,0.5333928571428571,0.28087409867222213,0.40961103171405217
2.56640625,47,IN,4,T,0.5246428571428571,0.40520585143342536,0.40451356366954694
1.82080078125,47,IN,4,G,0.5502678571428572,0.1731125224324688,0.25
2.365478515625,47,OUT,4,V,0.5055357142857143,0.19989312285296204,0.1555021169820366
5.83740234375,47,OUT,8,H,0.5291517857142858,0.3341036762703106,0.07216878364870323
3.35546875,47,OUT,4,P,0.5387500000000001,0.359116756396542,0.3720084679281463
2.777587890625,47,IN,4,R,0.5427678571428571,0.623606797749979,0.6824045318333193
4.00634765625,47,IN,6,Z,0.5500595238095238,0.32899007072260894,0.39762747205002485
3.626220703125,47,OUT,4,S,0.5324107142857142,0.1036680779880244,0.33183756729740643
2.441650390625,47,IN,8,T,0.5383482142857142,0.33301019009820604,0.46841783313012175
4.12451171875,47,OUT,6,G,0.5320238095238095,0.22327955589886447,0.12264812168246181
2.2763671875,47,OUT,4,S,0.5539285714285714,0.19989312285296204,0.33183756729740643
6.90966796875,47,OUT,8,Z,0.5348214285714286,0.19090825624373403,0.24851717003126556
1.892578125,47,OUT,4,G,0.5482142857142857,0.21379379240612414,0.31557048308619795
2.215576171875,47,OUT,4,P,0.5075892857142857,0.25544867840851765,0.25000000000000006
2.9736328125,47,IN,6,G,0.5246428571428571,0.43374788439233675,0.35491277293791673
1.98828125,47,OUT,4,C,0.5539285714285714,0.19989312285296204,0.07216878364870323
1.73828125,47,OUT,4,F,0.5133928571428572,0.12333409620738355,0.25614096617239596
1.7607421875,47,IN,8,H,0.5458482142857143,0.30568144390187774,0.04123930494211613
2.518798828125,47,IN,4,R,0.5066071428571428,0.15414425940230467,0.08606629658238706
1.6171875,47,IN,4,F,0.5403571428571429,0.17076064411493064,0.3415212882298613
1.6171875,47,IN,4,T,0.5547321428571428,0.14433756729740646,0.4665063509461098
2.651123046875,47,IN,6,B,0.5320238095238096,0.15217947136340707,0.20773502691896256
1.896484375,47,IN,8,L,0.5410267857142856,0.3720456899642762,0.3932322972495825
1.850341796875,47,IN,4,H,0.5220535714285715,0.19344726708715987,0.2073361559760488
1.78564453125,47,IN,8,H,0.5278125,0.32437696058866317,0.04123930494211613
2.34375,47,IN,8,G,0.5375,0.3159511914941392,0.4111867623041758
3.844970703125,47,OUT,8,R,0.5376785714285715,0.1632769176103191,0.21612741037463723
1.394287109375,47,IN,6,H,0.5304166666666666,0.2081005715344798,0.06666666666666668
2.462646484375,47,IN,4,P,0.5174107142857143,0.20871441826484885,0.0
4.703857421875,47,OUT,8,T,0.5375446428571429,0.19657034413320354,0.29780289790984515
1.472412109375,47,IN,8,V,0.5462499999999999,0.2537352546968329,0.1237179148263484
3.2607421875,47,IN,4,L,0.5335714285714286,0.36847082841570633,0.5018041617490396
3.80615234375,47,OUT,6,N,0.518154761904762,0.33173784956167807,0.16060189583238005
1.62451171875,47,IN,4,S,0.5098214285714285,0.463488902812718,0.40316517594824997
2.056884765625,47,OUT,4,H,0.5444642857142856,0.32559087804215703,0.0
3.925537109375,47,OUT,6,Z,0.555952380952381,0.20585352426493206,0.13417881901485587
2.86376953125,47,OUT,6,S,0.5380952380952381,0.23900109729826255,0.39671932018244777
1.61083984375,47,OUT,4,D,0.5195535714285714,0.15414425940230467,0.4726473171185056
1.61083984375,47,OUT,4,S,0.5296428571428572,0.09622504486493764,0.1924500897298753
3.484375,47,OUT,8,T,0.5411160714285714,0.23761887045883828,0.3321145454978382
1.8017578125,47,IN,4,B,0.545625,0.42311252243246883,0.5
2.46044921875,47,OUT,8,K,0.5249999999999999,0.416619659123972,0.1555021169820366
1.65185546875,47,OUT,4,L,0.5324107142857143,0.25273296324905375,0.32909944487358056
1.970947265625,47,OUT,4,C,0.5267857142857143,0.336441914088586,0.3755539564008634
3.54296875,47,OUT,6,T,0.5414285714285715,0.25138172947757936,0.3442306901503685
3.54296875,47,OUT,6,N,0.5137499999999999,0.30052866683832113,0.3716397779494322
1.63818359375,47,IN,8,Z,0.52,0.27050514124208885,0.17133696244539603
1.759521484375,47,OUT,4,Z,0.5226785714285714,0.27442872210295505,0.20126822852228382
2.825927734375,47,OUT,4,F,0.5223214285714286,0.1517806004204932,0.2596687836487032
3.20751953125,47,IN,8,B,0.5401785714285714,0.29914847682367374,0.2535091235270834
6.660888671875,47,OUT,8,P,0.5357589285714286,0.22927340958414835,0.23325317547305488
1.78857421875,47,OUT,4,G,0.5023214285714286,0.3242307096565868,0.3877392667349012
1.595458984375,47,OUT,4,L,0.546517857142857,0.22122504486493763,0.17635312131177977
1.595458984375,47,OUT,4,L,0.5283928571428571,0.37098221788984537,0.3957393909147531
2.36083984375,47,IN,4,B,0.5385714285714286,0.2073361559760488,0.1924500897298753
1.556884765625,47,IN,4,Z,0.5045535714285714,0.30546592649810744,0.3442651863295482
3.847412109375,47,OUT,8,L,0.5409375000000001,0.35534399351045926,0.4043039710305271
1.65185546875,47,IN,8,V,0.5375446428571429,0.27246580117076874,0.0
1.65185546875,47,IN,8,B,0.5271874999999999,0.2368182017777036,0.3206189628448099
4.042724609375,47,OUT,8,N,0.5265625,0.21856989857429993,0.320451421874285
3.75927734375,47,OUT,8,K,0.5516964285714285,0.27475196519529055,0.18600423396407315
5.455810546875,47,IN,4,D,0.5236607142857143,0.463488902812718,0.5210796664281322
2.388671875,47,OUT,4,V,0.5341964285714286,0.40756404298992016,0.2998396842794431
2.330810546875,47,OUT,6,K,0.5420833333333334,0.3620330112333138,0.14433756729740646
2.081298828125,47,IN,8,S,0.5179017857142858,0.2395403005692723,0.31538088432633044
1.6005859375,47,IN,6,V,0.5394642857142857,0.26936411661819715,0.11547005383792516
2.475341796875,47,OUT,4,K,0.5213392857142858,0.3522064998807328,0.1555021169820366
2.475341796875,47,OUT,4,H,0.5295535714285714,0.33136253994731063,0.07216878364870323
1.621337890625,47,OUT,4,L,0.5396428571428572,0.2693375672974065,0.3999599190617587
2.089599609375,47,OUT,4,G,0.5133035714285715,0.15991592130745833,0.2002392667349012
1.875244140625,47,IN,6,C,0.5250595238095238,0.2675159402915632,0.34659434913217996
2.75732421875,47,OUT,6,C,0.5179761904761905,0.27388086680535295,0.24292627114415555
1.48486328125,47,IN,4,Z,0.5390178571428572,0.29611816771789967,0.3035612008409864
3.385986328125,47,OUT,6,V,0.5430952380952382,0.36860693862105803,0.14433756729740646
3.385986328125,47,OUT,6,V,0.5320833333333334,0.2886066002956021,0.0
1.45068359375,47,IN,6,H,0.5113690476190477,0.24444444444444452,0.06666666666666668
1.3095703125,47,IN,6,V,0.5142261904761904,0.34525786644636175,0.05773502691896258
2.2353515625,47,OUT,6,V,0.5435714285714286,0.2227333015745097,0.1517806004204932
1.39697265625,47,IN,4,C,0.5491964285714285,0.3628586776671536,0.30828851880460933
1.618408203125,47,OUT,4,T,0.5547321428571428,0.14433756729740646,0.4665063509461098
2.3818359375,47,IN,6,D,0.5077380952380951,0.1958261739220238,0.2809401076758503
2.2783203125,47,IN,6,B,0.5379166666666667,0.2821367205045918,0.3577350269189626
1.61083984375,47,IN,4,D,0.5195535714285714,0.15414425940230467,0.4726473171185056
1.61083984375,47,IN,4,S,0.5296428571428572,0.09622504486493764,0.1924500897298753
3.771240234375,47,OUT,8,T,0.5336607142857143,0.2498528324786399,0.3338872897341968
2.6748046875,47,OUT,4,D,0.5592857142857143,0.14433756729740646,0.2596687836487032
4.4873046875,47,OUT,8,L,0.5165178571428571,0.19032631728099175,0.3484022715930324
1.337890625,47,IN,4,Z,0.5328571428571428,0.5026496474305623,0.4404902311944858
1.310791015625,47,IN,4,F,0.5591071428571428,0.22122504486493763,0.0
2.09765625,47,OUT,4,R,0.5558035714285714,0.3655626121623441,0.344058219624264
2.09765625,47,OUT,4,D,0.5403571428571428,0.21939962991572037,0.44011314869608864
2.414306640625,47,OUT,6,H,0.5430952380952382,0.32259029213332213,0.05555555555555557
0.892333984375,45,IN,4,Z,0.5041071428571429,0.14162185213794262,0.1721325931647741
0.9296875,45,IN,6,V,0.5447023809523809,0.23181484999923738,0.0
1.331298828125,45,IN,6,T,0.5244047619047619,0.21586892478083902,0.2577350269189626
0.842529296875,45,IN,8,B,0.5358035714285714,0.29087710372156156,0.37722703835343185
1.3759765625,45,OUT,6,T,0.546547619047619,0.29868614359960527,0.50581798267576
1.3759765625,45,OUT,6,F,0.5261309523809524,0.23791481123447702,0.37029624336492367
0.99755859375,45,OUT,4,C,0.5275,0.1517806004204932,0.3333333333333334
0.794677734375,45,IN,8,P,0.53,0.3165718562632297,0.33629418221386054
1.228759765625,45,OUT,6,G,0.5232738095238094,0.3317378495616781,0.3655626121623441
0.83642578125,45,IN,8,C,0.5117410714285715,0.2759473184090653,0.3034606133616572
0.846923828125,45,IN,6,K,0.5467857142857143,0.2501191076452096,0.05773502691896258
0.95849609375,45,OUT,6,F,0.5398214285714286,0.1824136356101432,0.26264779985687936
0.95849609375,45,OUT,6,D,0.5441666666666667,0.18213672050459184,0.3655626121623441
0.95849609375,45,OUT,6,G,0.5401785714285713,0.330116920675083,0.25245638646895835
1.0185546875,45,OUT,6,L,0.5398809523809524,0.28793273704596667,0.4094427190999916
1.0185546875,45,OUT,6,C,0.5438095238095239,0.24283985689596524,0.18737071558859997
1.0185546875,45,OUT,6,S,0.5117857142857143,0.24434572918103378,0.3459201552715314
1.15234375,45,OUT,8,V,0.5286607142857143,0.233192214426411,0.1138354503153699
0.797607421875,45,IN,8,S,0.5299107142857142,0.23086834525338124,0.3679315616613127
1.2939453125,45,OUT,8,G,0.5228571428571429,0.22665672292014852,0.2660384170161538
0.8935546875,45,IN,6,G,0.5369047619047619,0.2572189124043956,0.310191413387921
0.8935546875,45,IN,6,N,0.5420833333333334,0.2539647840496096,0.14108249704942383
0.6630859375,45,IN,6,F,0.5305357142857142,0.32091307808753694,0.35491277293791673
1.06298828125,45,OUT,6,Z,0.5154761904761905,0.20457205336972512,0.1721325931647741
1.1572265625,45,OUT,4,F,0.5064285714285715,0.14433756729740646,0.4040063509461097
0.93017578125,45,OUT,4,T,0.5232142857142856,0.41657703760921855,0.3943548153869964
0.93017578125,45,OUT,4,S,0.5374107142857143,0.23680339887498947,0.3023738819611874
0.93017578125,45,OUT,4,B,0.5297321428571429,0.24800564528543087,0.3849001794597506
0.955322265625,45,OUT,6,K,0.5194047619047618,0.2975998575358198,0.06666666666666668
0.955322265625,45,OUT,6,L,0.5323214285714286,0.2898717474235544,0.384208693582359
0.64990234375,45,IN,6,Z,0.5182738095238095,0.2484045162283447,0.05773502691896258
0.8837890625,45,OUT,4,V,0.5513392857142857,0.24598221788984534,0.14433756729740646
0.8388671875,45,OUT,4,F,0.5248214285714285,0.261906314838593,0.1839721825236927
0.91552734375,45,IN,8,D,0.5328125,0.24586598847823735,0.31739678002707733
1.583740234375,45,OUT,8,F,0.5264732142857143,0.2141358410905156,0.3138065743480443
0.99560546875,45,OUT,8,N,0.5260714285714285,0.2442696999720852,0.3806771328114275
1.071533203125,45,OUT,6,Z,0.50875,0.21220429641073263,0.25273296324905375
1.12060546875,45,OUT,4,D,0.5423214285714286,0.14433756729740646,0.1924500897298753
1.12060546875,45,OUT,4,D,0.5245535714285715,0.28527344491042733,0.5158097498210992
1.11279296875,45,IN,8,R,0.5361160714285713,0.3237938500347816,0.3662072930344736
0.886474609375,45,IN,8,C,0.5270535714285713,0.27621352822208217,0.29272712142077545
1.137939453125,45,OUT,8,D,0.5262053571428571,0.2108292789081461,0.4599080503836045
0.698486328125,45,IN,4,C,0.5185714285714286,0.25273296324905375,0.30828851880460933
1.066650390625,45,OUT,6,N,0.5353571428571429,0.42538455212029475,0.27817064337356656
1.09716796875,45,OUT,6,B,0.5307738095238096,0.4666886435218394,0.3618033988749895
0.725341796875,45,IN,4,B,0.5294642857142857,0.12333409620738355,0.07453559924999299
0.86279296875,45,OUT,4,B,0.530625,0.2824045318333193,0.29930339887498947
0.86279296875,45,OUT,4,K,0.5640178571428571,0.2693375672974065,0.2165063509461097
1.34375,45,OUT,4,F,0.5299107142857143,0.09622504486493764,0.2165063509461097
1.53173828125,45,IN,8,T,0.5292857142857142,0.26716574152154854,0.39869870859975237
1.269775390625,45,IN,8,C,0.5397767857142857,0.23664441831291588,0.26424730183252226
0.88671875,45,OUT,4,L,0.5242857142857142,0.3655626121623441,0.40860794206105433
0.88671875,45,OUT,4,T,0.5132142857142856,0.39999999999999997,0.3603158339770376
0.979736328125,45,OUT,6,D,0.5338095238095238,0.24542730297911,0.4841167563965419
1.107177734375,45,IN,4,K,0.5325892857142858,0.2195591410723212,0.1924500897298753
0.70556640625,45,IN,6,Z,0.5278571428571429,0.2711827556317962,0.28541627640345635
0.914794921875,45,OUT,4,K,0.5241964285714287,0.24021055598469174,0.0
0.914794921875,45,OUT,4,B,0.5275,0.1666666666666667,0.2165063509461097
1.06103515625,45,IN,4,L,0.5199999999999999,0.49111895009816814,0.5763397609990326
1.284912109375,45,OUT,8,C,0.5262053571428571,0.2912510782573872,0.33007775912824033
0.801025390625,45,OUT,4,R,0.5244642857142857,0.41657703760921855,0.5290994448735805
0.801025390625,45,OUT,4,G,0.5375000000000001,0.24598221788984534,0.07453559924999299
0.620361328125,45,IN,4,Z,0.5088392857142857,0.625297769113024,0.5367152760594235
0.934814453125,45,OUT,6,L,0.5244642857142857,0.229558378198271,0.12333409620738356
0.959228515625,45,IN,6,G,0.5401785714285713,0.330116920675083,0.25245638646895835
1.49462890625,45,IN,8,T,0.5314285714285714,0.3534865440474072,0.4811773184839847
1.561767578125,45,OUT,8,P,0.5419642857142857,0.21798931244847694,0.22208862578842475
0.91259765625,45,OUT,4,F,0.5148214285714285,0.14433756729740646,0.33183756729740643
1.22998046875,45,OUT,8,Z,0.5358482142857143,0.2523236961927243,0.32068595367996877
0.801513671875,45,IN,4,R,0.5244642857142857,0.41657703760921855,0.5290994448735805
0.801513671875,45,IN,4,G,0.5375000000000001,0.24598221788984534,0.07453559924999299
0.937744140625,45,IN,8,G,0.5198660714285714,0.2884232351591707,0.17831009463422326
1.207275390625,45,OUT,8,V,0.5312946428571429,0.3176651611895544,0.07216878364870323
0.931396484375,45,IN,4,B,0.5297321428571429,0.24800564528543087,0.3849001794597506
1.081787109375,45,OUT,4,G,0.5301785714285714,0.14433756729740646,0.33183756729740643
0.640380859375,45,IN,4,D,0.5373214285714285,0.5122756191058353,0.6301964228246741
0.916748046875,45,OUT,4,D,0.5114285714285713,0.34220726275478297,0.24647218252369268
1.0615234375,45,OUT,8,H,0.5220089285714286,0.24251784388238207,0.1555021169820366
1.01904296875,45,OUT,6,S,0.5117857142857143,0.24434572918103378,0.3459201552715314
0.753662109375,45,IN,6,C,0.5414880952380952,0.2756061464724155,0.2126543607672593
0.96923828125,45,OUT,4,L,0.5175000000000001,0.05555555555555557,0.19999999999999998
1.402587890625,45,IN,6,R,0.5142261904761906,0.36748008866858395,0.44908341249828404
0.700927734375,45,IN,6,T,0.5338095238095238,0.26629356159328726,0.36710983178735745
1.049072265625,45,OUT,4,B,0.5540178571428571,0.4074045318333193,0.39907119849998596
0.8603515625,45,IN,8,H,0.5305803571428571,0.23932797254391633,0.17771670512232754
0.90478515625,45,OUT,6,R,0.5340476190476191,0.32755239441129536,0.33120302879070984
1.607421875,45,IN,8,C,0.5351339285714285,0.4065539986936491,0.4335582708649371
0.863525390625,45,OUT,4,C,0.553392857142857,0.4241741144635894,0.3747414311772
0.863525390625,45,OUT,4,K,0.5640178571428571,0.2693375672974065,0.2165063509461097
1.049560546875,45,IN,4,B,0.5540178571428571,0.4074045318333193,0.39907119849998596
0.873046875,45,IN,6,B,0.5602976190476191,0.23797390343140806,0.25245638646895835
0.895751953125,45,IN,8,C,0.5241517857142857,0.20001547874743036,0.262221308419541
0.765869140625,45,IN,6,K,0.5217857142857143,0.1766512661507597,0.13333333333333336
1.08349609375,45,OUT,6,V,0.5347619047619049,0.1853908488593779,0.1517806004204932
0.955810546875,45,OUT,4,P,0.5555357142857142,0.5240711984999861,0.5051814855409226
1.824951171875,45,IN,8,G,0.5308928571428572,0.23979691668195266,0.18032599033497027
0.77099609375,45,IN,4,C,0.52125,0.49111895009816814,0.26835763802971174
1.014404296875,45,OUT,6,C,0.5439285714285714,0.3686069386210581,0.3465943491321799
1.23974609375,45,OUT,8,D,0.5094196428571429,0.26598031418718937,0.4533097498210992
1.37646484375,45,OUT,6,F,0.5261309523809524,0.23791481123447702,0.37029624336492367
1.13037109375,45,IN,6,K,0.5142857142857142,0.26833002351550667,0.12440169358562927
0.968017578125,45,OUT,8,V,0.5217410714285715,0.26598031418718937,0.0777510584910183
1.828369140625,45,OUT,6,D,0.5394047619047618,0.2864840341589994,0.5363232562772747
1.42724609375,45,OUT,6,F,0.518095238095238,0.24284896067278916,0.22122504486493763
0.91552734375,45,OUT,4,D,0.5114285714285713,0.34220726275478297,0.24647218252369268
0.91552734375,45,OUT,4,B,0.5275,0.1666666666666667,0.2165063509461097
1.23828125,45,IN,6,L,0.529345238095238,0.3255206447547852,0.28908341249828406
0.920166015625,45,IN,6,V,0.5407738095238096,0.2541826069582298,0.11547005383792516
1.21435546875,45,OUT,6,L,0.5285119047619048,0.3007178932561155,0.3196723314583158
1.21435546875,45,OUT,6,P,0.521904761904762,0.18511393375382657,0.18213672050459184
1.451416015625,45,OUT,8,Z,0.524330357142857,0.17259984139245163,0.2540994448735806
1.067626953125,45,OUT,6,S,0.5288690476190476,0.2332974817103541,0.3679443650473854
1.06396484375,45,OUT,6,D,0.5296428571428572,0.16113687698064555,0.3919856889798683
1.06396484375,45,OUT,6,R,0.5201785714285715,0.228350136297123,0.3312030287907099
1.3125,45,IN,8,P,0.5358482142857143,0.3460774770915331,0.4315322774519558
0.864990234375,45,IN,8,P,0.5147767857142856,0.3115004522118174,0.17771670512232754
1.06640625,45,OUT,8,V,0.5330803571428572,0.25809269997998097,0.1499198421397215
1.006103515625,45,OUT,4,K,0.5358035714285715,0.3420477515981822,0.14433756729740646
1.208984375,45,IN,6,B,0.5420833333333334,0.25396478404960954,0.36792644030688354
1.02978515625,45,OUT,8,K,0.5369642857142857,0.3112101591489059,0.1138354503153699
0.95947265625,45,IN,6,F,0.5398214285714286,0.1824136356101432,0.26264779985687936
1.1513671875,45,OUT,8,F,0.5310714285714285,0.2684678596998113,0.12807048308619798
1.1513671875,45,OUT,8,V,0.5286607142857143,0.233192214426411,0.1138354503153699
0.779541015625,45,IN,4,G,0.5220535714285715,0.3035612008409864,0.3849001794597506
1.038818359375,45,OUT,8,K,0.5415178571428572,0.2798661232513279,0.22767090063073983
1.064453125,45,OUT,4,F,0.5257142857142857,0.14433756729740646,0.2165063509461097
1.113525390625,45,OUT,8,S,0.5341071428571428,0.19896324280973252,0.3481270574342423
1.02685546875,45,OUT,4,B,0.5255357142857143,0.336441914088586,0.38773926673490117
1.04638671875,45,OUT,6,S,0.5291666666666667,0.22537292304788828,0.2978076328390626
1.188720703125,45,OUT,6,V,0.5349404761904762,0.2700942825978841,0.19989312285296204
1.182373046875,45,OUT,6,B,0.5142261904761903,0.36748008866858395,0.12264812168246181
0.82470703125,45,IN,6,S,0.5389880952380953,0.347996541508607,0.18416407864998738
1.109619140625,45,OUT,6,D,0.5313690476190476,0.14419800747413683,0.26698568897986824
0.960693359375,45,IN,4,F,0.5203571428571429,0.40756404298992016,0.49529624336492356
1.170166015625,45,OUT,8,T,0.518125,0.1712628746728184,0.3488613700247834
1.170166015625,45,OUT,8,L,0.5331696428571429,0.29133847457542217,0.2645296819676697
1.20068359375,45,IN,8,H,0.5463392857142857,0.2101695561536284,0.08885835256116377
1.03369140625,45,IN,8,L,0.525625,0.2701432848346582,0.32932173735630776
1.35400390625,45,OUT,8,N,0.5283928571428571,0.253704950999682,0.39997995953087934
0.890625,45,IN,4,P,0.5414285714285714,0.24529624336492362,0.1924500897298753
1.587890625,45,OUT,4,F,0.5498214285714287,0.2693375672974065,0.14433756729740646
1.115234375,45,OUT,4,L,0.5573214285714285,0.2073361559760488,0.36135426562285505
0.815185546875,45,IN,4,B,0.5432142857142856,0.32559087804215703,0.17076064411493064
0.815185546875,45,IN,4,C,0.5394642857142857,0.5203991593285272,0.4477227400495667
0.849609375,45,IN,6,F,0.5268452380952381,0.24799654150860695,0.2971777460189542
0.9482421875,45,OUT,4,V,0.5282142857142857,0.3655626121623441,0.08333333333333336
1.12744140625,45,OUT,4,D,0.5325892857142858,0.2195591410723212,0.4436409661723959
1.12744140625,45,OUT,4,T,0.5416964285714285,0.3787827746159011,0.5007386085344846
1.08642578125,45,OUT,6,S,0.529702380952381,0.17142448033639457,0.23411675639654195
1.08642578125,45,OUT,6,P,0.5152380952380953,0.2095250518708744,0.17320508075688776
1.127685546875,45,IN,4,D,0.5325892857142858,0.2195591410723212,0.4436409661723959
1.127685546875,45,IN,4,T,0.5416964285714285,0.3787827746159011,0.5007386085344846
0.975830078125,45,OUT,4,B,0.5333035714285714,0.32830659320162087,0.4599080503836044
0.975830078125,45,OUT,4,D,0.5261607142857143,0.3655626121623441,0.5818375672974064
0.99462890625,45,OUT,4,C,0.5315178571428572,0.1924500897298753,0.39433756729740654
1.06494140625,45,OUT,6,R,0.5201785714285715,0.228350136297123,0.3312030287907099
1.37841796875,45,OUT,8,D,0.5432142857142856,0.19268184298809182,0.3877392667349012
1.37841796875,45,OUT,8,Z,0.5174553571428572,0.25458087904453347,0.2300208325968958
1.038330078125,45,OUT,4,S,0.5204464285714285,0.13349284448993412,0.23987388196118747
1.246826171875,45,OUT,8,L,0.5454910714285715,0.3105745196442827,0.3838325086871215
1.246826171875,45,OUT,8,D,0.5282589285714285,0.23536908905838613,0.45507365855925275
1.2431640625,45,OUT,6,C,0.5263095238095239,0.24095111668064276,0.20225678183477347
1.114501953125,45,OUT,6,K,0.5296428571428571,0.33047775302489096,0.04811252243246882
1.345947265625,45,OUT,8,S,0.5491964285714285,0.2834267771183192,0.28102133280494535
0.99169921875,45,OUT,4,H,0.5358035714285714,0.20871441826484885,0.08333333333333336
0.937255859375,45,IN,4,P,0.5116071428571429,0.1666666666666667,0.11111111111111115
1.06982421875,45,IN,6,B,0.5323809523809523,0.2591868575982654,0.4126477998568793
1.117431640625,45,IN,6,Z,0.5192857142857142,0.35691085794157423,0.3309608053833582
1.173828125,45,OUT,8,S,0.5395535714285715,0.2635869114987629,0.3549764311174296
0.862060546875,45,IN,8,L,0.5316964285714285,0.2187849322734945,0.27894658296386815
1.261962890625,45,OUT,8,T,0.5344642857142856,0.29218544234708066,0.33946956457651184
1.29443359375,45,OUT,4,V,0.5475892857142857,0.1517806004204932,0.2276709006307398
0.9140625,45,IN,6,B,0.5379761904761904,0.21438848003984895,0.25245638646895835
0.9140625,45,IN,6,R,0.5358928571428572,0.2013817294775794,0.11180339887498948
1.248046875,45,IN,8,D,0.5425,0.30426263487971106,0.4541806290098337
1.231689453125,45,OUT,6,N,0.528452380952381,0.2685997010597661,0.29393522916571335
0.85693359375,45,IN,4,D,0.5507142857142857,0.3035612008409864,0.2886751345948129
0.860107421875,45,IN,4,B,0.5197321428571429,0.19718372093245481,0.17076064411493064
1.150390625,45,OUT,8,F,0.5310714285714285,0.2684678596998113,0.12807048308619798
1.150390625,45,OUT,8,Z,0.5230357142857143,0.31577758927513144,0.32068595367996877
1.162841796875,45,OUT,6,R,0.5181547619047618,0.32091055279195424,0.41726932537309697
0.867431640625,45,IN,6,P,0.5392261904761905,0.31881533699825976,0.2886751345948129
0.743408203125,45,IN,6,H,0.5210119047619047,0.3304777530248909,0.05773502691896258
0.959228515625,45,IN,4,F,0.5203571428571429,0.40756404298992016,0.49529624336492356
1.104736328125,45,OUT,8,V,0.5202678571428572,0.3206509547790429,0.04166666666666668
0.90478515625,45,IN,6,R,0.535952380952381,0.3391441067394502,0.24944271909999158
0.94384765625,45,IN,6,P,0.515,0.16663081504368743,0.06666666666666668
1.151123046875,45,OUT,4,S,0.5573214285714285,0.24529624336492362,0.4898738819611874
1.0517578125,45,OUT,4,V,0.5179464285714286,0.14162185213794262,0.08333333333333336
1.232666015625,45,IN,8,N,0.5480803571428572,0.31091481722987735,0.34777596689203094
1.026611328125,45,IN,8,K,0.5135714285714286,0.24334493899568974,0.14285714285714288
1.026611328125,45,IN,8,F,0.5226339285714285,0.2192902590356005,0.3138065743480443
2.286865234375,45,IN,6,R,0.5374404761904762,0.26887190389960813,0.18580385659941961
0.85546875,45,IN,4,D,0.5507142857142857,0.3035612008409864,0.2886751345948129
0.85546875,45,IN,4,F,0.5458928571428572,0.45567656542238894,0.5915212882298612
1.3427734375,45,IN,8,B,0.5425892857142858,0.2575070649980408,0.32870815241994356
0.758544921875,45,IN,4,L,0.5235714285714286,0.23680339887498947,0.22360679774997896
0.758544921875,45,IN,4,T,0.530892857142857,0.2559814550157951,0.3567703455043204
0.758544921875,45,IN,4,C,0.53375,0.21477918909913551,0.3333333333333334
1.029541015625,45,IN,6,P,0.5478571428571429,0.27640482918045206,0.23987174742355447
1.068603515625,45,OUT,4,D,0.5247321428571429,0.4319746711896452,0.6601473171185056
1.21533203125,45,IN,6,P,0.521904761904762,0.18511393375382657,0.18213672050459184
1.099853515625,45,OUT,4,Z,0.5407142857142857,0.28832939165611715,0.4401036788376538
2.400146484375,45,OUT,6,C,0.5205952380952381,0.22327955589886447,0.3638440743601649
0.842529296875,45,IN,6,L,0.5453571428571429,0.24231179255439697,0.2305252161494154
0.939697265625,45,IN,6,H,0.518095238095238,0.14948136018985034,0.06666666666666668
2.05712890625,45,IN,8,R,0.5362946428571429,0.26401477723521094,0.3428342394638621
0.930908203125,45,IN,4,T,0.5232142857142856,0.41657703760921855,0.3943548153869964
0.930908203125,45,IN,4,S,0.5374107142857143,0.23680339887498947,0.3023738819611874
0.930908203125,45,IN,4,B,0.5297321428571429,0.24800564528543087,0.3849001794597506
1.096923828125,45,OUT,4,B,0.5270535714285713,0.1971774076934982,0.27240805038360444
0.94140625,45,IN,8,V,0.5282142857142857,0.24712550358517413,0.04761904761904763
1.6123046875,45,IN,8,V,0.5308035714285715,0.24037885564469488,0.04123930494211613
1.310791015625,45,OUT,6,C,0.5228571428571428,0.21019360035804763,0.36892344850144015
1.15869140625,45,IN,8,N,0.5333928571428572,0.2251660277873452,0.3059486837856963
1.286865234375,45,OUT,8,F,0.5244642857142857,0.21068228436709147,0.1641548749105496
0.84130859375,45,IN,6,L,0.5453571428571429,0.24231179255439697,0.2305252161494154
0.84130859375,45,IN,6,P,0.523452380952381,0.2516586445831307,0.297606774342517
0.7587890625,45,OUT,4,L,0.5235714285714286,0.23680339887498947,0.22360679774997896
0.7587890625,45,OUT,4,T,0.530892857142857,0.2559814550157951,0.3567703455043204
0.7587890625,45,OUT,4,C,0.53375,0.21477918909913551,0.3333333333333334
1.08642578125,45,IN,6,S,0.529702380952381,0.17142448033639457,0.23411675639654195
1.08642578125,45,IN,6,P,0.5152380952380953,0.2095250518708744,0.17320508075688776
0.903076171875,45,IN,4,R,0.5290178571428571,0.336441914088586,0.384208693582359
0.721435546875,45,OUT,4,B,0.5160714285714285,0.17076064411493064,0.45990805038360444
0.721435546875,45,OUT,4,R,0.530625,0.32559087804215703,0.4495508667478656
0.721435546875,45,OUT,4,F,0.5552678571428572,0.14433756729740646,0.2886751345948129
0.912109375,45,OUT,6,H,0.5422619047619047,0.25418260695822986,0.1036680779880244
0.976318359375,45,OUT,4,D,0.5261607142857143,0.3655626121623441,0.5818375672974064
0.83642578125,45,IN,6,P,0.5210714285714285,0.2389985720026799,0.24880338717125855
0.841064453125,45,OUT,6,L,0.5453571428571429,0.24231179255439697,0.2305252161494154
0.841064453125,45,OUT,6,P,0.523452380952381,0.2516586445831307,0.297606774342517
0.731689453125,45,OUT,6,D,0.5296428571428571,0.16113687698064552,0.39198568897986824
1.1005859375,45,IN,6,R,0.5035714285714286,0.22327955589886447,0.3149193338482967
0.912841796875,45,IN,8,G,0.5315625,0.22512712073521698,0.32870815241994356
0.839111328125,45,OUT,6,Z,0.53625,0.22740467270439838,0.245289930125967
1.460693359375,45,OUT,8,B,0.5290625,0.24139068076004624,0.3597884170161538
1.00634765625,45,IN,8,G,0.5353125000000001,0.31213915161636463,0.36065198066994053
1.00634765625,45,IN,8,B,0.5164732142857142,0.2206738570248366,0.2363236585592528
0.822998046875,45,OUT,4,R,0.5128571428571429,0.2405626121623441,0.35270624262355954
1.024658203125,45,OUT,6,B,0.5317261904761904,0.40880683571818877,0.19953559924999298
1.6728515625,45,OUT,8,S,0.5350892857142857,0.27994525988002267,0.285855724629297
1.160888671875,45,IN,6,T,0.5456547619047619,0.22062673845056693,0.3732050807568878
0.802734375,45,IN,6,N,0.5457142857142858,0.2148084045865879,0.28908341249828406
1.516357421875,45,OUT,8,C,0.5243303571428573,0.21115595459512732,0.2144695645765118
1.157958984375,45,IN,8,N,0.5333928571428572,0.2251660277873452,0.3059486837856963
1.157958984375,45,IN,8,S,0.5329910714285715,0.23195678256936883,0.3679315616613127
0.77197265625,45,OUT,4,Z,0.53375,0.199893122852962,0.1666666666666667
0.77197265625,45,OUT,4,C,0.52125,0.49111895009816814,0.26835763802971174
0.812744140625,45,IN,4,K,0.5283928571428571,0.08606629658238706,0.0
0.812744140625,45,IN,4,T,0.5136607142857144,0.2222222222222223,0.3333333333333334
1.2275390625,45,OUT,6,Z,0.5339880952380952,0.2652098008250844,0.3896274974233735
1.2275390625,45,OUT,6,G,0.5232738095238094,0.3317378495616781,0.3655626121623441
0.97265625,45,IN,8,G,0.5378571428571428,0.18186551839931742,0.2215652952770864
1.88330078125,45,OUT,8,P,0.5297767857142857,0.2771174167818061,0.1555021169820366
1.454833984375,45,OUT,8,N,0.5447767857142857,0.2747519651952906,0.3999799595308794
0.92626953125,45,IN,8,P,0.5202232142857143,0.2967127938300386,0.34905366756772355
1.01904296875,45,IN,6,S,0.5117857142857143,0.24434572918103378,0.3459201552715314
1.02294921875,45,OUT,8,H,0.5329017857142857,0.31725583410046054,0.1138354503153699
1.24755859375,45,OUT,8,D,0.5425,0.30426263487971106,0.4541806290098337
1.24755859375,45,OUT,8,D,0.5282589285714285,0.23536908905838613,0.45507365855925275
0.759521484375,45,IN,4,C,0.53375,0.21477918909913551,0.3333333333333334
0.85986328125,45,OUT,6,D,0.5192261904761905,0.3482350796955964,0.4313004773289968
1.026611328125,45,OUT,8,K,0.5135714285714286,0.24334493899568974,0.14285714285714288
1.026611328125,45,OUT,8,F,0.5226339285714285,0.2192902590356005,0.3138065743480443
1.0224609375,45,OUT,6,L,0.5182738095238095,0.17182335127930845,0.20363504412357356
0.79052734375,45,OUT,6,C,0.5385119047619047,0.2508492736248965,0.2503693042672423
0.79052734375,45,OUT,6,D,0.5373214285714285,0.2840534135595754,0.470382826775842
1.0458984375,45,IN,8,S,0.5213392857142858,0.26789350343420615,0.17831009463422326
1.398681640625,45,OUT,8,P,0.5251785714285715,0.3823630894839809,0.18600423396407312
0.80126953125,45,OUT,6,N,0.5457142857142858,0.2148084045865879,0.28908341249828406
0.864501953125,45,IN,4,C,0.553392857142857,0.4241741144635894,0.3747414311772
0.79736328125,45,IN,4,B,0.5325892857142858,0.08538032205746532,0.17076064411493064
0.79736328125,45,IN,4,H,0.49544642857142857,0.2073361559760488,0.09622504486493764
0.773681640625,45,OUT,4,L,0.53625,0.4024846688486448,0.5440582196242639
0.955810546875,45,IN,6,K,0.5194047619047618,0.2975998575358198,0.06666666666666668
0.955810546875,45,IN,6,L,0.5323214285714286,0.2898717474235544,0.384208693582359
0.821533203125,45,OUT,4,H,0.5091964285714285,0.2957661115402473,0.0
0.799560546875,45,IN,4,S,0.5320535714285715,0.3035612008409864,0.2886751345948129
1.047607421875,45,OUT,8,C,0.5416517857142857,0.3011869299570905,0.29780289790984515
2.952392578125,44,OUT,8,H,0.5317857142857143,0.31121015914890593,0.1138354503153699
1.45556640625,44,IN,8,B,0.5294642857142857,0.26611503966654987,0.2947484284691995
3.136474609375,44,OUT,8,T,0.5330803571428571,0.25809269997998097,0.34327909518246835
2.24853515625,44,OUT,4,G,0.5432142857142858,0.1036680779880244,0.2165063509461097
2.823974609375,44,OUT,6,D,0.5251190476190476,0.25193774665880875,0.3855398332140661
1.266845703125,44,OUT,4,B,0.5366071428571428,0.36285867766715346,0.12807048308619798
1.40625,44,IN,4,G,0.5381250000000001,0.32489312285296207,0.44245008972987526
2.535888671875,44,IN,4,H,0.5263392857142857,0.24021055598469174,0.0
2.1962890625,44,IN,6,S,0.519702380952381,0.2523344306315959,0.24189910556894995
1.600341796875,44,IN,6,B,0.5405357142857142,0.38080181050037204,0.46019141338792097
1.52294921875,44,IN,4,K,0.5254464285714285,0.3569401310833123,0.0
2.002685546875,44,OUT,4,G,0.5409821428571429,0.12841347034865883,0.31557048308619795
1.376708984375,44,OUT,6,D,0.5432142857142856,0.23363601430841915,0.33742731078159727
1.2509765625,44,IN,4,C,0.5341071428571429,0.4153763803802491,0.37474143117719994
1.78515625,44,IN,6,P,0.5349404761904762,0.21975608832527502,0.11547005383792516
1.762451171875,44,OUT,4,S,0.5487500000000001,0.3655626121623441,0.13466878364870322
2.886474609375,44,OUT,4,K,0.5175,0.22122504486493763,0.1666666666666667
1.80419921875,44,IN,8,Z,0.5237499999999999,0.3406804180109799,0.4141172803961548
1.381103515625,44,OUT,8,G,0.5210267857142856,0.2513396503464654,0.39587280884050546
2.271240234375,44,OUT,4,L,0.5263392857142857,0.24021055598469174,0.39364916731037086
2.228271484375,44,OUT,8,C,0.5268303571428571,0.4244549256262187,0.3338872897341968
2.57763671875,44,OUT,4,D,0.5304464285714285,0.24021055598469174,0.40047853346980244
2.030517578125,44,OUT,8,R,0.5183035714285714,0.2808903986741534,0.36885369346731744
2.771240234375,44,OUT,6,F,0.5212500000000001,0.2495703280252722,0.37029624336492356
1.169189453125,44,IN,6,T,0.5273214285714286,0.40338486507240223,0.4586213571603441
2.602294921875,44,OUT,4,D,0.5105357142857143,0.09622504486493764,0.40400635094610965
2.749267578125,44,IN,4,R,0.5361607142857143,0.23680339887498947,0.22360679774997896
4.11181640625,44,OUT,8,D,0.5226785714285713,0.21632583360920657,0.3842114492585939
3.716552734375,44,OUT,8,N,0.5404464285714285,0.17140986921387302,0.28067713281142753
3.258544921875,44,IN,4,H,0.5372321428571429,0.1517806004204932,0.11111111111111115
3.23876953125,44,OUT,4,B,0.5171428571428571,0.30546592649810744,0.3283097498210992
2.7158203125,44,IN,8,T,0.5342857142857143,0.23536908905838616,0.3383201756268418
3.044677734375,44,IN,8,K,0.5336607142857143,0.22926583629997271,0.1364774001802114
4.94677734375,44,OUT,4,Z,0.5207142857142857,0.15922363354357996,0.1555021169820366
2.011962890625,44,OUT,8,F,0.5281696428571429,0.39791454873684984,0.14965169943749473
2.632080078125,44,IN,8,K,0.5152232142857143,0.2557504734053767,0.04761904761904763
1.9892578125,44,IN,8,N,0.5360267857142857,0.28564237755664257,0.27894658296386815
2.84375,44,OUT,4,R,0.545625,0.25544867840851765,0.18500114431107534
2.9384765625,44,OUT,6,G,0.5213095238095238,0.19040452403083202,0.35471788935487175
2.965576171875,44,OUT,6,P,0.5330952380952381,0.41029199272488814,0.29611816771789967
1.087890625,44,IN,6,T,0.5371428571428573,0.3698289965647393,0.488675134594813
0.78955078125,44,IN,4,V,0.5478571428571429,0.20802844373992713,0.1924500897298753
1.191162109375,44,OUT,4,B,0.5125,0.14162185213794262,0.34457683403230766
0.844970703125,44,IN,4,P,0.5158035714285714,0.13333333333333333,0.0
1.40771484375,44,OUT,6,V,0.531904761904762,0.3988385775722116,0.14433756729740646
0.95068359375,44,IN,4,T,0.5427678571428571,0.1731243030967421,0.1971774076934982
1.470703125,44,IN,8,F,0.5382142857142858,0.17771670512232754,0.16495721976846453
0.80078125,44,IN,4,K,0.5425,0.14433756729740646,0.0
1.9208984375,44,OUT,8,V,0.5386607142857143,0.24536066171613133,0.1138354503153699
1.15576171875,44,IN,6,N,0.5332738095238095,0.3810240073492457,0.4560018308977204
1.234619140625,44,IN,6,S,0.5257142857142858,0.17807574648715427,0.19189910556894998
0.867919921875,44,IN,8,S,0.5275892857142856,0.2379807268662689,0.20067150548275023
1.140869140625,44,IN,8,G,0.5277232142857142,0.1784202025393106,0.1876055713263424
1.0498046875,44,IN,4,R,0.5230357142857143,0.14162185213794262,0.1721325931647741
0.83447265625,44,IN,4,P,0.5203571428571427,0.3638440743601649,0.3333333333333334
0.976806640625,44,OUT,8,P,0.5250892857142857,0.2564952398826895,0.3470886257884248
0.808349609375,44,OUT,6,B,0.5416666666666666,0.32899007072260894,0.24764812168246184
0.80224609375,44,IN,8,S,0.5199553571428571,0.2512327344486782,0.4225237414691875
1.03271484375,44,OUT,8,D,0.5372321428571429,0.2743549071678909,0.4550736585592528
1.328369140625,44,OUT,4,N,0.52,0.09622504486493764,0.24090284374857007
1.13232421875,44,OUT,4,S,0.5415178571428572,0.38114096617239596,0.23020509831248423
1.0673828125,44,IN,4,K,0.5493750000000001,0.34387316654739947,0.2886751345948129
0.9130859375,44,OUT,8,N,0.5236160714285714,0.25801356335128617,0.3602056704680219
1.116943359375,44,OUT,8,R,0.5277678571428571,0.23478715009564385,0.3365788322489223
0.975830078125,44,IN,6,H,0.5134523809523809,0.3295841440678054,0.0
0.975830078125,44,IN,6,G,0.5217261904761905,0.22062673845056685,0.26547005383792516
1.185546875,44,OUT,6,K,0.5244642857142857,0.18213672050459184,0.26289171153160434
0.879638671875,44,IN,6,D,0.5304166666666666,0.32294482774404704,0.31264779985687935
0.971923828125,44,OUT,4,V,0.5452678571428572,0.1666666666666667,0.14433756729740646
0.778564453125,44,IN,4,K,0.5522321428571428,0.19718372093245481,0.09622504486493764
0.95947265625,44,OUT,4,L,0.5286607142857143,0.304093977448264,0.34120226591665964
0.95947265625,44,OUT,4,C,0.5396428571428571,0.23680339887498947,0.28105607338289995
0.772216796875,44,IN,4,L,0.5685714285714286,0.22122504486493763,0.22360679774997896
0.772216796875,44,IN,4,B,0.54625,0.33302844373992707,0.4207606441149306
0.9287109375,44,OUT,4,T,0.5339285714285713,0.46469587328064393,0.512272462486357
0.9287109375,44,OUT,4,R,0.5565178571428571,0.3387937924061242,0.23513749508237303
0.939208984375,44,OUT,6,V,0.5183333333333334,0.25254754127450696,0.1036680779880244
1.04736328125,44,OUT,4,H,0.5436607142857143,0.1731243030967421,0.07216878364870323
0.80029296875,44,OUT,6,R,0.5317857142857143,0.38460253150496887,0.48027422729069574
0.843505859375,44,OUT,6,S,0.5378571428571429,0.3032418556312146,0.4864985092815833
0.724853515625,44,IN,8,F,0.5210714285714285,0.28811829012684415,0.31739678002707744
0.970703125,44,OUT,8,Z,0.5283035714285714,0.3197667764578126,0.36235262034663546
0.855712890625,44,IN,6,N,0.5404166666666667,0.21453401477661918,0.2305252161494154
0.791259765625,44,IN,8,G,0.5287053571428572,0.29402942084481826,0.3452832101034348
1.05615234375,44,IN,4,P,0.5220535714285715,0.3655626121623441,0.3849001794597506
1.447509765625,44,IN,8,C,0.5452232142857143,0.3460774770915331,0.30781436262560746
1.327392578125,44,OUT,4,N,0.52,0.09622504486493764,0.24090284374857007
1.146728515625,44,OUT,6,N,0.5280357142857143,0.23987174742355444,0.34694089395736255
1.02978515625,44,OUT,8,Z,0.5346428571428572,0.19021097927400735,0.2561362312431785
0.973876953125,44,OUT,6,F,0.5270238095238095,0.30803770789404833,0.24764812168246178
1.19873046875,44,OUT,8,V,0.5361607142857143,0.24618541364716054,0.1138354503153699
1.041748046875,44,OUT,4,R,0.52625,0.7172363354357993,0.2322548207492745
1.103515625,44,OUT,6,K,0.5327380952380952,0.4101803868122673,0.1517806004204932
1.21923828125,44,IN,4,V,0.5288392857142856,0.27777777777777785,0.0
0.8994140625,44,IN,4,L,0.5160714285714285,0.12264812168246181,0.14907119849998599
0.9072265625,44,IN,4,K,0.5255357142857143,0.25544867840851765,0.3184472670871599
1.16748046875,44,IN,4,P,0.5096428571428571,0.1666666666666667,0.2222222222222223
0.865966796875,44,IN,4,P,0.4973214285714286,0.11111111111111115,0.11111111111111115
0.886962890625,44,IN,4,F,0.5388392857142857,0.7117876570272816,0.0
0.886962890625,44,IN,4,L,0.5154464285714286,0.3181478449190703,0.33273448899715413
1.244140625,44,OUT,6,G,0.5208333333333334,0.23213672050459191,0.1924500897298753
1.0185546875,44,IN,6,V,0.5398809523809524,0.2711827556317962,0.11547005383792516
1.147705078125,44,OUT,4,D,0.5542857142857143,0.2510615920311206,0.5158097498210992
1.117431640625,44,OUT,4,S,0.55375,0.1731125224324688,0.3221687836487032
0.9306640625,44,IN,6,L,0.5374404761904762,0.18038188595363308,0.18580385659941961
0.928955078125,44,IN,4,T,0.5339285714285713,0.46469587328064393,0.512272462486357
0.928955078125,44,IN,4,R,0.5565178571428571,0.3387937924061242,0.23513749508237303
1.26220703125,44,IN,4,Z,0.5174107142857143,0.20871441826484885,0.26835763802971174
1.0654296875,44,OUT,4,N,0.5525000000000001,0.1924500897298753,0.2322548207492745
1.154296875,44,OUT,4,P,0.5203571428571429,0.4075640429899201,0.0
1.56640625,44,IN,8,B,0.5360267857142857,0.31657185626322965,0.40189128561205667
0.923828125,44,IN,8,C,0.5248660714285713,0.20688017036873257,0.20386876885961167
0.794189453125,44,IN,6,V,0.5429761904761905,0.21975608832527505,0.11547005383792516
1.41162109375,44,OUT,6,G,0.5363095238095238,0.2501165823496269,0.24764812168246178
0.956298828125,44,IN,6,P,0.5189880952380952,0.34814426321550385,0.24880338717125855
1.002197265625,44,IN,4,S,0.5151785714285715,0.17076064411493064,0.3023738819611875
1.002197265625,44,IN,4,F,0.525982142857143,0.12264812168246181,0.25614096617239596
1.002197265625,44,IN,4,H,0.5226785714285713,0.18160536692240295,0.0
1.614990234375,44,OUT,4,H,0.5359821428571429,0.4136751345948129,0.2276709006307398
1.029052734375,44,IN,6,F,0.5346428571428571,0.27993082204962416,0.23662046511894577
0.82861328125,44,IN,6,F,0.5412499999999999,0.3010824970494238,0.2683281572999748
1.092529296875,44,OUT,4,G,0.5301785714285714,0.14433756729740646,0.33183756729740643
0.939453125,44,IN,4,N,0.5183928571428571,0.2585046251542074,0.309673094332366
1.072509765625,44,IN,8,G,0.5361160714285715,0.24400736742404608,0.3040439051613187
0.93408203125,44,IN,6,R,0.5279166666666667,0.1902800428978869,0.28216499409884765
1.116943359375,44,IN,6,K,0.5414285714285715,0.26475183768523947,0.05773502691896258
1.219970703125,44,OUT,6,T,0.5311309523809524,0.20991449828236963,0.4072292788290108
2.150390625,44,OUT,6,D,0.5477380952380954,0.20138172947757937,0.4136751345948129
1.41650390625,44,IN,6,L,0.5191666666666667,0.3219330343930994,0.256361137499428
1.825439453125,44,IN,4,B,0.5451785714285714,0.37878277461590115,0.3632107338448059
1.02392578125,44,OUT,4,V,0.5483035714285714,0.3655626121623441,0.14433756729740646
1.10546875,44,IN,6,C,0.535297619047619,0.24095111668064276,0.1760414715350615
0.88623046875,44,OUT,4,F,0.5388392857142857,0.7117876570272816,0.0
0.88623046875,44,OUT,4,L,0.5154464285714286,0.3181478449190703,0.33273448899715413
1.036865234375,44,OUT,6,V,0.5280952380952381,0.32280620981397395,0.04811252243246882
0.84033203125,44,OUT,4,T,0.5240178571428571,0.39999999999999997,0.2769825006437042
1.1533203125,44,IN,4,Z,0.5367857142857143,0.24021055598469174,0.3943548153869964
1.1533203125,44,IN,4,P,0.5203571428571429,0.4075640429899201,0.0
1.64599609375,44,OUT,4,Z,0.530625,0.24800564528543087,0.1555021169820366
0.985107421875,44,IN,4,V,0.5491071428571429,0.21379379240612417,0.1924500897298753
1.16357421875,44,OUT,4,B,0.5358035714285714,0.23411675639654195,0.2596687836487032
1.00390625,44,OUT,4,S,0.5151785714285715,0.17076064411493064,0.3023738819611875
2.524658203125,44,IN,6,D,0.5380952380952381,0.28900109729826257,0.44435549203790836
1.1123046875,44,OUT,6,B,0.5045238095238095,0.24000784005804485,0.2778304117873406
1.197509765625,44,OUT,4,T,0.5019642857142856,0.13333333333333333,0.2957661115402473
0.976318359375,44,IN,6,H,0.5134523809523809,0.3295841440678054,0.0
1.002197265625,44,OUT,4,S,0.5151785714285715,0.17076064411493064,0.3023738819611875
1.002197265625,44,OUT,4,F,0.525982142857143,0.12264812168246181,0.25614096617239596
1.002197265625,44,OUT,4,H,0.5226785714285713,0.18160536692240295,0.0
1.20166015625,44,IN,6,Z,0.5557738095238095,0.1906694893093821,0.19106836025229595
0.961181640625,44,IN,4,V,0.5320535714285715,0.2761181872241179,0.09622504486493764
0.933837890625,44,IN,6,S,0.5213095238095239,0.19040452403083202,0.24189910556894995
0.933837890625,44,IN,6,R,0.5279166666666667,0.1902800428978869,0.28216499409884765
0.95849609375,44,OUT,4,R,0.5449107142857144,0.15922363354357996,0.2495508667478656
0.95849609375,44,OUT,4,L,0.5286607142857143,0.304093977448264,0.34120226591665964
0.95849609375,44,OUT,4,C,0.5396428571428571,0.23680339887498947,0.28105607338289995
0.772216796875,44,OUT,4,L,0.5685714285714286,0.22122504486493763,0.22360679774997896
0.772216796875,44,OUT,4,B,0.54625,0.33302844373992707,0.4207606441149306
0.988525390625,44,IN,4,T,0.5190178571428572,0.1924500897298753,0.2886751345948129
1.543701171875,44,IN,4,K,0.53125,0.1890484000454897,0.3035612008409864
2.00732421875,44,IN,8,K,0.54,0.2959572526482887,0.1300976575032799
1.22509765625,44,OUT,4,C,0.5480357142857143,0.25614096617239596,0.2200518394188269
1.123291015625,44,IN,8,N,0.520625,0.2881182901268441,0.38466152257019687
0.906494140625,44,OUT,4,D,0.5245535714285714,0.28527344491042733,0.5158097498210992
0.906494140625,44,OUT,4,K,0.5255357142857143,0.25544867840851765,0.3184472670871599
0.977783203125,44,IN,4,K,0.5394642857142857,0.2693375672974065,0.2886751345948129
1.028564453125,44,IN,6,B,0.5167857142857143,0.22943860933103516,0.33339649414480876
1.028564453125,44,IN,6,F,0.5346428571428571,0.27993082204962416,0.23662046511894577
1.02392578125,44,OUT,4,V,0.5483035714285714,0.3655626121623441,0.14433756729740646
1.268310546875,44,IN,8,H,0.5170982142857143,0.2625934437849859,0.08885835256116377
0.9130859375,44,OUT,4,R,0.5316964285714286,0.2073361559760488,0.05590169943749474
1.204833984375,44,IN,8,D,0.5392857142857143,0.25918113729596853,0.3470377718669765
0.95947265625,44,IN,4,L,0.5286607142857143,0.304093977448264,0.34120226591665964
0.95947265625,44,IN,4,C,0.5396428571428571,0.23680339887498947,0.28105607338289995
1.12890625,44,OUT,6,F,0.5327380952380952,0.24000565308791816,0.2957606441149306
0.81689453125,44,OUT,4,V,0.5228571428571429,0.25682694069731765,0.2276709006307398
1.15576171875,44,IN,8,T,0.5170089285714285,0.2546702957787294,0.4094322005406342
1.802734375,43,IN,8,F,0.5351339285714285,0.24350204066194,0.14636626638422626
1.77001953125,43,IN,6,F,0.539702380952381,0.3184208399955992,0.35209051895687093
2.5166015625,43,IN,6,N,0.5292857142857144,0.2782187559283419,0.08944271909999159
3.3994140625,43,IN,6,K,0.5247619047619048,0.2512028684134125,0.18213672050459184
1.4814453125,43,IN,4,L,0.5341071428571429,0.4153763803802491,0.5440582196242639
1.4814453125,43,IN,4,Z,0.5330357142857143,0.4692306901503685,0.2073361559760488
1.490478515625,43,IN,6,K,0.5497619047619048,0.2227945807415674,0.12440169358562927
2.07568359375,43,OUT,6,T,0.5275,0.22170610770765517,0.3133678929458847
1.71142578125,43,OUT,8,S,0.5288839285714286,0.184370240309413,0.3336238819611875
1.377685546875,43,OUT,4,V,0.5478571428571428,0.33233615597604876,0.0
2.390625,43,IN,8,T,0.5248660714285713,0.34317554622073887,0.46203809045319016
1.4169921875,43,OUT,4,D,0.5405357142857142,0.3420477515981822,0.5554443650473854
1.4169921875,43,OUT,4,K,0.5147321428571429,0.35167372327345525,0.3221687836487033
1.58349609375,43,IN,8,H,0.5289285714285714,0.27998533852329016,0.1300976575032799
1.7177734375,43,IN,6,P,0.5411904761904761,0.24109412612183034,0.30653841409022115
1.43017578125,43,OUT,4,V,0.5174107142857143,0.15414425940230467,0.08333333333333336
1.43017578125,43,OUT,4,G,0.5232142857142856,0.1924500897298753,0.33183756729740643
2.570556640625,43,IN,6,R,0.5280357142857143,0.37085179892047915,0.38360679774997897
1.3330078125,43,OUT,4,H,0.5289285714285714,0.36557439282661736,0.08333333333333336
1.6494140625,43,IN,4,V,0.5346428571428572,0.42111816771789967,0.399786245705924
1.501708984375,43,IN,8,D,0.5448660714285714,0.2361381012054506,0.3586360849691935
1.69482421875,43,IN,4,B,0.5154464285714286,0.28527344491042733,0.45943577870974356
1.31640625,43,IN,6,R,0.5226190476190476,0.29917835631819434,0.4421649940988476
1.31640625,43,IN,6,D,0.5227380952380952,0.25666979445900223,0.5363232562772747
1.31640625,43,IN,6,K,0.5501190476190477,0.22273330157450974,0.1036680779880244
1.838623046875,43,IN,6,N,0.5273809523809524,0.26751594029156317,0.37160771319883923
1.587158203125,43,IN,6,P,0.5266071428571428,0.37194498422010075,0.18213672050459184
1.29296875,43,OUT,4,P,0.5139285714285714,0.3035612008409864,0.08333333333333336
1.29296875,43,OUT,4,G,0.5461607142857143,0.3569401310833123,0.14907119849998599
1.390869140625,43,IN,6,R,0.5188095238095238,0.4134122154153105,0.43524657569941116
1.38623046875,43,OUT,4,S,0.5346428571428572,0.42111816771789967,0.44245008972987526
1.38623046875,43,OUT,4,L,0.5286607142857143,0.3655626121623441,0.24090284374857007
1.38623046875,43,OUT,4,D,0.5435714285714286,0.09622504486493764,0.2596687836487032
1.3974609375,43,OUT,8,T,0.5351339285714285,0.2548720209324667,0.36057987611027686
1.342529296875,43,OUT,8,S,0.5195089285714286,0.24883577726139142,0.27595827378553905
1.342529296875,43,OUT,8,G,0.5312946428571428,0.3176651611895544,0.3300736585592528
1.342529296875,43,OUT,8,L,0.5357589285714286,0.22927340958414835,0.36452968196766966
1.328857421875,43,OUT,4,H,0.5496428571428571,0.3420477515981822,0.0
1.27587890625,43,OUT,4,G,0.54,0.26933756729740643,0.14433756729740646
1.232421875,43,IN,4,L,0.525625,0.5203991593285271,0.309673094332366
1.398681640625,43,OUT,4,P,0.5171428571428571,0.27777777777777785,0.25000000000000006
1.4345703125,43,IN,4,P,0.5079464285714286,0.2957661115402473,0.2222222222222223
1.42822265625,43,OUT,6,G,0.5372619047619048,0.23900109729826252,0.2957606441149306
1.66796875,43,OUT,6,C,0.5244047619047619,0.20287849798582397,0.2652553705134158
1.65771484375,43,IN,4,R,0.5383928571428571,0.12841347034865883,0.16060189583238005
1.58447265625,43,IN,4,B,0.5351785714285715,0.15922363354357996,0.09622504486493764
1.317626953125,43,OUT,6,D,0.5227380952380952,0.25666979445900223,0.5363232562772747
1.317626953125,43,OUT,6,K,0.5501190476190477,0.22273330157450974,0.1036680779880244
1.455322265625,43,IN,8,F,0.5418303571428571,0.2926907691091868,0.27615747508496125
1.388916015625,43,OUT,6,Z,0.509345238095238,0.19040452403083202,0.23040386387979353
1.644775390625,43,IN,8,T,0.5168303571428572,0.22763553866451036,0.3531056543936861
1.440185546875,43,OUT,8,H,0.5177678571428572,0.30165587409512684,0.0777510584910183
1.383544921875,43,IN,4,R,0.5311607142857143,0.22463851521359648,0.32045142187428505
1.383544921875,43,IN,4,F,0.5469642857142858,0.21379379240612417,0.3415212882298613
1.383544921875,43,IN,4,B,0.5410714285714285,0.5173432125828373,0.6349001794597505
1.699462890625,43,OUT,6,S,0.533154761904762,0.2051233582852451,0.3614985092815832
1.34326171875,43,OUT,8,L,0.5357589285714286,0.22927340958414835,0.36452968196766966
1.38330078125,43,IN,4,R,0.5311607142857143,0.22463851521359648,0.32045142187428505
1.38330078125,43,IN,4,F,0.5469642857142858,0.21379379240612417,0.3415212882298613
1.38330078125,43,IN,4,B,0.5410714285714285,0.5173432125828373,0.6349001794597505
1.48583984375,43,IN,4,L,0.535,0.348606797749979,0.4472135954999579
1.33984375,43,IN,4,K,0.5311607142857143,0.25273296324905375,0.11111111111111115
1.317138671875,43,OUT,6,D,0.5227380952380952,0.25666979445900223,0.5363232562772747
1.317138671875,43,OUT,6,K,0.5501190476190477,0.22273330157450974,0.1036680779880244
1.44970703125,43,IN,6,B,0.5308928571428572,0.20910512732413544,0.25245638646895835
1.3330078125,43,IN,4,H,0.5289285714285714,0.36557439282661736,0.08333333333333336
1.190185546875,43,IN,4,F,0.5522321428571428,0.1599159213074583,0.24529624336492362
1.36572265625,43,IN,8,L,0.5251785714285715,0.3823630894839809,0.49400550942774224
1.6103515625,43,IN,4,C,0.5370535714285714,0.3420477515981821,0.26835763802971174
2.040771484375,43,IN,4,F,0.5411607142857143,0.2554486784085176,0.2886751345948129
1.267333984375,43,OUT,6,Z,0.5359523809523808,0.33914410673945017,0.1721325931647741
1.210205078125,43,OUT,6,H,0.5223214285714286,0.2904277646047838,0.1036680779880244
1.259033203125,43,OUT,6,V,0.5182738095238095,0.31678577431187627,0.04811252243246882
1.1865234375,43,IN,4,F,0.5352678571428571,0.13009115480554856,0.14907119849998599
1.1767578125,43,OUT,6,T,0.5380357142857143,0.16844726708715987,0.35167372327345525
1.003662109375,43,OUT,8,K,0.5297767857142858,0.2771174167818061,0.11941772515768498
1.68701171875,43,IN,4,Z,0.5342857142857143,0.541742862004776,0.460807727759587
1.42626953125,43,IN,4,S,0.5214285714285714,0.625297769113024,0.6396636852298333
1.3740234375,43,IN,8,R,0.5210267857142856,0.2916090479868786,0.3761136512840921
1.575439453125,43,OUT,8,P,0.5353571428571429,0.20843250296663937,0.2693375672974065
1.29248046875,43,IN,4,P,0.5139285714285714,0.3035612008409864,0.08333333333333336
1.29248046875,43,IN,4,G,0.5461607142857143,0.3569401310833123,0.14907119849998599
1.251220703125,43,OUT,8,V,0.5298660714285715,0.3007760687852975,0.04166666666666668
1.654541015625,43,OUT,8,S,0.5213392857142858,0.21032530498295937,0.3892745082780002
1.380126953125,43,IN,8,V,0.5140625000000001,0.3168671981822582,0.0777510584910183
1.380126953125,43,IN,8,G,0.5393749999999999,0.335767650856004,0.42048223899629494
1.3232421875,43,OUT,4,C,0.5251785714285715,0.1517806004204932,0.14433756729740646
1.269775390625,43,OUT,4,K,0.5467857142857143,0.28832939165611715,0.07216878364870323
1.48974609375,43,OUT,6,T,0.5400595238095238,0.38211281870861386,0.40981796998908554
1.48974609375,43,OUT,6,K,0.5497619047619048,0.2227945807415674,0.12440169358562927
1.48974609375,43,OUT,6,L,0.547202380952381,0.29365865238561806,0.4314757303333053
1.538818359375,43,OUT,4,R,0.5195535714285714,0.0985887038467491,0.26454972243679026
1.172119140625,43,OUT,6,V,0.5417261904761904,0.2744136434126305,0.19989312285296204
1.878173828125,43,IN,6,C,0.5254166666666666,0.3304777530248909,0.2764846366557522
1.5419921875,43,IN,8,V,0.5382142857142856,0.21907892135560375,0.1300976575032799
1.232666015625,43,IN,6,D,0.5401785714285714,0.330116920675083,0.4049127729379167
1.226806640625,43,OUT,6,H,0.5344642857142857,0.41129622775994906,0.05555555555555557
2.33251953125,43,OUT,4,V,0.5508928571428571,0.3569401310833123,0.14433756729740646
2.186279296875,43,IN,4,B,0.5226785714285714,0.18160536692240295,0.3632107338448059
2.033935546875,43,IN,8,K,0.5201339285714286,0.23564557897690422,0.18409644779925902
1.498291015625,43,OUT,8,N,0.5186160714285715,0.27541150670402825,0.35705029459232795
1.375732421875,43,IN,4,G,0.531607142857143,0.1731125224324688,0.25
1.42529296875,43,OUT,8,G,0.5311160714285714,0.23685710882983185,0.2939892667349012
5.232666015625,43,OUT,8,P,0.5289285714285714,0.27653295339100536,0.30542195912175807
1.494873046875,43,OUT,4,N,0.5136607142857144,0.1666666666666667,0.06454972243679029
1.786865234375,43,IN,4,B,0.5414285714285714,0.4074045318333193,0.39907119849998596
1.846923828125,43,IN,4,L,0.5175892857142858,0.17652599278112766,0.16060189583238005
1.373779296875,43,OUT,4,S,0.5315178571428572,0.28560189583238005,0.3120426656098907
1.989990234375,43,IN,6,R,0.5416666666666666,0.18038188595363308,0.18580385659941961
2.0771484375,43,OUT,4,G,0.5260714285714285,0.19718372093245481,0.24340169943749473
1.972900390625,43,OUT,8,P,0.5233035714285714,0.3640625800959532,0.19716878364870327
1.39697265625,43,OUT,4,S,0.5357142857142858,0.1517806004204932,0.2596687836487032
1.63427734375,43,IN,4,S,0.53625,0.4024846688486448,0.5698318426149166
1.532470703125,43,OUT,4,H,0.5252678571428571,0.26767166350479005,0.0
3.03173828125,43,IN,6,Z,0.525892857142857,0.20218637059924302,0.30327955589886446
1.44482421875,43,IN,4,P,0.5298214285714286,0.36557439282661736,0.3035612008409864
1.662353515625,43,OUT,4,Z,0.5301785714285714,0.623606797749979,0.459467118269445
2.73681640625,43,IN,6,N,0.5248809523809523,0.32803989486417506,0.352722274998856
1.492919921875,43,IN,4,G,0.5374107142857143,0.2368033988749895,0.324535599249993
2.692626953125,43,IN,6,H,0.5167261904761905,0.34205121878696154,0.05773502691896258
1.354736328125,43,IN,4,B,0.5360714285714285,0.17144661863985236,0.17076064411493064
1.354736328125,43,IN,4,N,0.5231250000000001,0.199893122852962,0.11180339887498948
1.555908203125,43,OUT,6,K,0.524345238095238,0.25600124597182894,0.15922363354357996
1.903076171875,43,OUT,8,T,0.5392857142857144,0.3786567939128544,0.32449548428592523
1.448486328125,43,IN,4,G,0.5602678571428571,0.3113389981249825,0.324535599249993
1.59912109375,43,IN,8,G,0.5346428571428572,0.23086834525338124,0.1556617430763454
2.798828125,43,IN,4,P,0.5324107142857143,0.1036680779880244,0.11111111111111115
3.386474609375,43,IN,8,S,0.5354464285714287,0.2856474264127597,0.3812844365270714
1.808837890625,43,IN,4,Z,0.530625,0.32559087804215703,0.3943548153869964
1.476806640625,43,IN,4,H,0.5146428571428572,0.18465500042913616,0.0
1.403564453125,43,IN,6,Z,0.5417857142857142,0.26936411661819715,0.2642941387166915
1.76416015625,43,OUT,4,S,0.520625,0.13009115480554856,0.3745426656098907
1.858642578125,43,OUT,6,F,0.5217261904761905,0.22062673845056688,0.26933756729740643
1.471923828125,43,IN,6,R,0.53,0.3207087894792916,0.42832815729997475
1.273193359375,43,OUT,8,Z,0.5450892857142857,0.2513989352163289,0.20888728973419673
1.93115234375,43,IN,4,R,0.5354464285714285,0.0985887038467491,0.08606629658238706
1.4892578125,43,IN,6,T,0.5400595238095238,0.38211281870861386,0.40981796998908554
1.4892578125,43,IN,6,K,0.5497619047619048,0.2227945807415674,0.12440169358562927
1.4892578125,43,IN,6,L,0.547202380952381,0.29365865238561806,0.4314757303333053
1.7265625,43,IN,4,L,0.5232142857142857,0.41657703760921855,0.43879925983144075
1.669921875,43,IN,8,R,0.536875,0.38917809934871767,0.4804930073201879
1.488037109375,43,IN,6,T,0.5400595238095238,0.38211281870861386,0.40981796998908554
1.488037109375,43,IN,6,B,0.5420833333333334,0.27618229400612243,0.32320508075688775
1.488037109375,43,IN,6,L,0.547202380952381,0.29365865238561806,0.4314757303333053
1.325439453125,43,OUT,6,N,0.5167261904761905,0.18213672050459187,0.14907119849998599
1.845947265625,43,OUT,6,H,0.5476785714285715,0.27415525661532164,0.05555555555555557
1.346923828125,43,OUT,4,S,0.56375,0.31133899812498245,0.41770509831248426
1.606201171875,43,OUT,8,R,0.5378571428571428,0.21140869344282984,0.22793080924962672
1.3427734375,43,OUT,8,S,0.5195089285714286,0.24883577726139142,0.27595827378553905
1.3427734375,43,OUT,8,G,0.5312946428571428,0.3176651611895544,0.3300736585592528
1.3427734375,43,OUT,8,L,0.5357589285714286,0.22927340958414835,0.36452968196766966
1.528564453125,43,OUT,8,R,0.5183035714285714,0.23914459537879199,0.33657883224892227
1.4169921875,43,OUT,4,D,0.5405357142857142,0.3420477515981822,0.5554443650473854
1.4169921875,43,OUT,4,K,0.5147321428571429,0.35167372327345525,0.3221687836487033
1.534912109375,43,IN,8,N,0.5324107142857142,0.3077854023524144,0.411663623392025
1.242431640625,43,OUT,4,S,0.5409821428571429,0.12841347034865883,0.3120426656098907
1.3203125,43,OUT,4,S,0.5346428571428572,0.17652599278112766,0.23987388196118747
1.288818359375,43,OUT,4,F,0.5424107142857142,0.12333409620738355,0.3283097498210992
1.288818359375,43,OUT,4,R,0.5376785714285715,0.12333409620738355,0.2466681924147671
1.481689453125,43,OUT,4,L,0.5341071428571429,0.4153763803802491,0.5440582196242639
1.481689453125,43,OUT,4,Z,0.5330357142857143,0.4692306901503685,0.2073361559760488
1.431640625,43,OUT,4,V,0.5174107142857143,0.15414425940230467,0.08333333333333336
1.431640625,43,OUT,4,G,0.5232142857142856,0.1924500897298753,0.33183756729740643
1.58984375,43,OUT,4,H,0.5452678571428572,0.1666666666666667,0.1555021169820366
1.38720703125,43,IN,4,D,0.5435714285714286,0.09622504486493764,0.2596687836487032
1.561767578125,43,IN,8,F,0.5147767857142856,0.2881182901268441,0.31739678002707744
1.682373046875,43,OUT,6,G,0.5151785714285714,0.1856652386693466,0.35471788935487175
1.45947265625,43,IN,6,V,0.5351190476190476,0.24542730297911,0.17320508075688776
2.414306640625,43,OUT,6,S,0.5351190476190476,0.15245857343908503,0.3523660110373336
1.354736328125,43,OUT,4,B,0.5360714285714285,0.17144661863985236,0.17076064411493064
1.354736328125,43,OUT,4,N,0.5231250000000001,0.199893122852962,0.11180339887498948
1.30712890625,43,IN,6,P,0.5298809523809523,0.3100669322549759,0.31547005383792526
1.2724609375,43,OUT,4,K,0.5200892857142857,0.35220649988073277,0.1555021169820366
1.1645,40,IN,8,P,0.5306249999999999,0.35940609687457864,0.38391322983290815
1.0735,40,IN,6,Z,0.540595238095238,0.22510072020804625,0.2943479161511604
1.46325,40,IN,6,P,0.5254285714285715,0.26406599524596625,0.2276709006307398
0.94975,40,IN,6,Z,0.5103571428571428,0.3751786614678144,0.40253645704456764
0.94975,40,IN,6,V,0.5210714285714286,0.14412633359081503,0.08333333333333336
1.1045,40,OUT,8,G,0.5183673469387755,0.22360476485699518,0.32870815241994356
0.9825,40,IN,6,P,0.5061428571428571,0.2567392725867667,0.2276709006307398
1.1145,40,IN,4,D,0.528452380952381,0.1924500897298753,0.44245008972987526
1.1145,40,IN,4,D,0.5430357142857143,0.4472135954999579,0.4472135954999579
0.89725,40,OUT,4,N,0.5532142857142857,0.2222222222222223,0.3212037916647601
1.46925,40,OUT,4,F,0.5104464285714286,0.1036680779880244,0.33183756729740643
1.0605,40,OUT,6,N,0.5202142857142856,0.2687392608830358,0.2305252161494154
1.1125,40,IN,6,G,0.544702380952381,0.18539084885937787,0.16019141338792095
0.8855,40,IN,6,F,0.5357738095238096,0.2484045162283447,0.05773502691896258
1.398,40,IN,4,T,0.5310714285714285,0.43879925983144075,0.25819888974716115
0.97625,40,OUT,4,V,0.5413095238095238,0.3462250448649376,0.0
0.97625,40,OUT,4,D,0.5134523809523809,0.3632107338448059,0.5915212882298613
1.1795,40,OUT,4,P,0.5523214285714286,0.0,0.3333333333333334
1.1795,40,OUT,4,T,0.5620238095238095,0.44245008972987526,0.6071224016819728
0.9295,40,IN,4,F,0.5775,0.0,0.0
1.02925,40,OUT,8,N,0.5593367346938776,0.2658043087531387,0.3428342394638622
1.02925,40,OUT,8,L,0.5451530612244898,0.1851806064507374,0.3207738660702029
0.81375,40,IN,8,B,0.5189285714285715,0.31127453308182584,0.21887316654739944
1.1925,40,IN,4,L,0.51875,0.2195591410723212,0.2466681924147671
0.8665,40,IN,6,S,0.5094047619047619,0.4094933100168516,0.46022726286892474
1.23175,40,OUT,4,H,0.5324107142857143,0.33302844373992707,0.08333333333333336
1.45075,40,OUT,6,S,0.5245,0.2154700538379252,0.22320508075688777
0.93625,40,IN,4,H,0.5267857142857142,0.1666666666666667,0.11111111111111115
1.0825,40,OUT,6,N,0.5197619047619048,0.19049062824521526,0.3900007628740502
1.14975,40,OUT,6,H,0.5414285714285714,0.24529624336492362,0.07216878364870323
1.4875,40,IN,6,Z,0.5319047619047619,0.17142448033639457,0.06666666666666668
1.4875,40,IN,6,T,0.5145,0.281545482488785,0.4477227400495667
0.98775,40,IN,6,F,0.5449285714285714,0.3431272988034291,0.4436409661723959
1.56125,40,OUT,8,H,0.5455612244897959,0.22477266891679726,0.1364774001802114
1.16625,40,IN,8,B,0.515765306122449,0.3075862589043419,0.3632107338448059
0.9195,40,IN,6,C,0.5229464285714286,0.19989312285296204,0.2073361559760488
3.3225,40,IN,4,H,0.4992857142857143,0.08606629658238706,0.0
2.7565,40,IN,4,R,0.5166071428571428,0.304093977448264,0.34120226591665964
2.01,40,OUT,6,K,0.5245833333333333,0.32342761593121744,0.25544867840851765
3.4165,40,IN,4,D,0.5198214285714285,0.24800564528543087,0.3849001794597506
1.39775,40,OUT,8,N,0.5148809523809524,0.3320194769329386,0.3627054797495093
1.13475,40,OUT,6,H,0.5502857142857144,0.2545044686781537,0.06666666666666668
1.36425,40,OUT,8,D,0.5284821428571429,0.3391668206323826,0.4586238819611875
1.51575,40,OUT,4,F,0.5146428571428571,0.523812629677186,0.14907119849998599
1.4525,40,IN,8,S,0.5262244897959183,0.27713925502516656,0.24969511040659376
1.4775,40,OUT,4,K,0.5322321428571429,0.4350188372710618,0.2998396842794431
1.6005,40,IN,4,B,0.5183035714285714,0.14433756729740646,0.0
2.39625,40,IN,8,C,0.5432738095238095,0.35356120084098647,0.36427344100918374
2.87125,40,IN,4,Z,0.5096428571428571,0.1666666666666667,0.2222222222222223
1.3125,40,IN,6,T,0.5349285714285714,0.1949429421103412,0.231216389103457
1.53625,40,IN,8,V,0.5385714285714286,0.17665924459304888,0.1517806004204932
1.73225,40,OUT,4,C,0.5302380952380953,0.3632107338448059,0.29340245255843583
1.1795,40,OUT,6,N,0.5295714285714286,0.2238033871712585,0.223606797749979
1.1795,40,OUT,6,T,0.5424404761904761,0.2647518376852396,0.3415149749909047
1.07225,40,IN,4,R,0.5204761904761904,0.11111111111111115,0.0
1.07225,40,IN,4,L,0.5133333333333333,0.6109318529962149,0.6581988897471611
1.43225,40,OUT,8,B,0.5380102040816326,0.19743202084318007,0.2535091235270834
6.17725,40,OUT,8,C,0.5173809523809524,0.22943860933103516,0.36892344850144027
3.2695,40,OUT,8,T,0.5190178571428572,0.2300493191706722,0.3356600339705553
1.4785,40,IN,6,C,0.5441666666666668,0.18213672050459187,0.19106836025229595
1.4785,40,IN,6,D,0.5279761904761905,0.18363348901283644,0.31509821141233707
1.15925,40,OUT,4,L,0.5340178571428571,0.09622504486493764,0.22360679774997896
1.2975,40,IN,8,P,0.5329081632653061,0.15488582445935575,0.09622504486493764
1.1095,40,OUT,4,P,0.5547619047619048,0.07453559924999299,0.2886751345948129
1.06675,40,OUT,4,N,0.5580357142857142,0.25544867840851765,0.2968045431860648
1.06675,40,OUT,4,B,0.5496428571428571,0.5674500897298753,0.5962250448649377
1.4175,40,OUT,6,H,0.526357142857143,0.2962970112112052,0.06666666666666668
1.26725,40,IN,8,R,0.5101785714285714,0.2560842223938767,0.3716397779494322
1.35975,40,OUT,6,H,0.5467857142857143,0.2501191076452096,0.1036680779880244
1.4785,40,OUT,6,C,0.5441666666666668,0.18213672050459187,0.19106836025229595
1.4785,40,OUT,6,D,0.5279761904761905,0.18363348901283644,0.31509821141233707
1.20175,40,OUT,6,Z,0.529702380952381,0.28900109729826257,0.2202451155972429
1.2155,40,IN,4,V,0.5249107142857143,0.1971774076934982,0.0
1.55775,40,OUT,8,V,0.5296428571428571,0.2620937921776047,0.04123930494211613
1.55775,40,OUT,8,N,0.5275510204081633,0.1629128096123435,0.2888300378202059
1.3065,40,IN,6,Z,0.5417857142857143,0.33175198635880593,0.40981796998908565
1.3065,40,IN,6,Z,0.5265714285714286,0.2780933416876308,0.40981796998908554
1.044,40,OUT,4,C,0.5138095238095238,0.17955837819827095,0.2886751345948129
1.01875,40,OUT,4,K,0.5191964285714286,0.13349284448993412,0.3110042339640732
1.25975,40,OUT,8,H,0.5298809523809523,0.3100669322549758,0.05555555555555557
1.13825,40,OUT,4,P,0.5522321428571428,0.19718372093245481,0.2276709006307398
1.65175,40,OUT,8,Z,0.5272448979591837,0.2941669404520971,0.28634737874384397
1.287,40,IN,4,B,0.5160714285714285,0.40722927882901083,0.4811252243246882
1.1805,40,OUT,6,T,0.5424404761904761,0.2647518376852396,0.3415149749909047
1.32275,40,IN,8,K,0.5220982142857143,0.3165292531919036,0.22533575274137516
1.3775,40,OUT,8,D,0.537295918367347,0.22492489080459083,0.39987538991130966
1.161,40,OUT,4,L,0.5416071428571428,0.17076064411493064,0.3118033988749895
1.161,40,OUT,4,P,0.5154761904761905,0.11111111111111115,0.1666666666666667
1.0155,40,OUT,4,N,0.5064285714285716,0.1971774076934982,0.3527329632490537
1.53625,40,OUT,8,V,0.5385714285714286,0.17665924459304888,0.1517806004204932
1.04125,40,OUT,4,D,0.49833333333333335,0.11111111111111115,0.3720084679281463
0.89425,40,OUT,4,N,0.5590476190476191,0.1924500897298753,0.309673094332366
1.15475,40,OUT,4,T,0.5075892857142856,0.625297769113024,0.2846015618556172
1.19675,40,OUT,6,B,0.5311309523809523,0.2175112280258539,0.40283041178734064
1.01125,40,OUT,6,D,0.5524107142857143,0.17076064411493064,0.1839721825236927
1.0505,40,OUT,4,D,0.5329464285714286,0.18888888888888888,0.22360679774997896
1.0505,40,OUT,4,N,0.5229464285714287,0.3035612008409864,0.12045142187428504
0.94025,40,OUT,6,N,0.5392857142857144,0.359116756396542,0.18500114431107534
0.99975,40,OUT,8,P,0.5239880952380952,0.39729432836858114,0.1517806004204932
2.27825,40,OUT,4,V,0.5330952380952382,0.09622504486493764,0.0
2.27825,40,OUT,4,H,0.5115178571428571,0.1924500897298753,0.09622504486493764
1.09775,40,IN,6,K,0.5295833333333334,0.25097375475784167,0.12440169358562927
2.419,40,OUT,4,V,0.5272619047619048,0.26698568897986824,0.0
1.24475,40,OUT,6,K,0.5176190476190476,0.28399684665822705,0.15922363354357996
1.4095,40,IN,4,Z,0.5313392857142857,0.2195591410723212,0.1721325931647741
0.92725,40,IN,4,D,0.5069642857142858,0.4414529123725907,0.5644585576580216
1.17675,40,OUT,4,H,0.5236904761904762,0.1924500897298753,0.11111111111111115
1.28675,40,IN,8,D,0.5246428571428572,0.37813916777657314,0.5648326096797741
1.28675,40,IN,8,K,0.5245408163265306,0.2733669937783188,0.08885835256116377
1.09175,40,OUT,8,N,0.5213775510204082,0.1809124063776699,0.28883003782020594
1.09175,40,OUT,8,Z,0.5360714285714286,0.27993082204962416,0.3309608053833582
1.4975,40,IN,8,H,0.5295408163265306,0.26203698808250325,0.04811252243246882
0.89025,40,IN,6,V,0.5250595238095239,0.2759148034319897,0.0
1.12775,40,OUT,4,D,0.48773809523809525,0.22360679774997896,0.42485462156319453
1.12775,40,OUT,4,D,0.5370535714285715,0.5173432125828373,0.6349001794597505
1.29675,40,IN,6,T,0.5297619047619048,0.2954367275105286,0.42484485870632005
0.92,40,IN,4,F,0.5389285714285714,0.2693375672974065,0.3462250448649376
0.97475,40,IN,4,R,0.5033035714285714,0.30546592649810744,0.43879925983144075
1.2725,40,IN,4,S,0.5301190476190476,0.4058981391973036,0.47974776392237495
1.2725,40,IN,4,L,0.528125,0.3800015257481004,0.5133348590814337
0.9955,40,OUT,4,G,0.5064285714285715,0.14433756729740646,0.14433756729740646
1.55675,40,OUT,8,V,0.5296428571428571,0.2620937921776047,0.04123930494211613
1.55675,40,OUT,8,N,0.5275510204081633,0.1629128096123435,0.2888300378202059
1.55675,40,OUT,8,T,0.5181632653061224,0.22263285351859927,0.3446999183037733
0.95075,40,OUT,4,S,0.5083333333333333,0.11111111111111115,0.1924500897298753
0.95075,40,OUT,4,C,0.5249999999999999,0.518340389940122,0.42955837819827103
0.85975,40,OUT,6,G,0.5142857142857142,0.19830644461609892,0.32038282677584196
1.30575,40,IN,4,P,0.5136607142857144,0.1666666666666667,0.2222222222222223
0.87075,40,OUT,6,D,0.5309285714285714,0.3435350955750082,0.4358528806137671
0.87075,40,OUT,6,G,0.5435714285714286,0.15305469288332912,0.24340169943749473
1.13225,40,OUT,8,R,0.540952380952381,0.28147288428312794,0.3196723314583158
1.13075,40,OUT,8,L,0.5248979591836734,0.23057586415283854,0.3023196365344796
1.13075,40,OUT,8,T,0.541734693877551,0.2187683112727126,0.4335582708649371
0.82475,40,IN,4,K,0.5358333333333335,0.14907119849998599,0.0
1.3155,40,IN,4,B,0.5634821428571428,0.3569401310833123,0.14907119849998599
0.9955,40,IN,6,D,0.5502678571428572,0.1731125224324688,0.25
0.88725,40,OUT,4,Z,0.5209821428571428,0.5128083957131128,0.41370100672919774
1.07675,40,OUT,8,L,0.5453571428571429,0.26629014986712424,0.36620729303447364
0.93775,40,OUT,4,V,0.5221428571428571,0.4314757303333053,0.07216878364870323
0.8675,40,OUT,6,P,0.5502857142857144,0.2545044686781537,0.297606774342517
0.79375,40,OUT,4,S,0.543125,0.12841347034865883,0.3120426656098907
1.452,40,IN,8,S,0.5262244897959183,0.27713925502516656,0.24969511040659376
1.09325,40,IN,8,D,0.5290816326530612,0.37942478961342685,0.4641694099123231
1.07575,40,IN,6,C,0.5350595238095238,0.41018038681226726,0.34598769410059266
1.53925,40,OUT,6,T,0.5235119047619048,0.26833002351550667,0.5132610157988468
1.53925,40,OUT,6,R,0.5232142857142857,0.3669313090486465,0.3905252161494154
2.1935,40,OUT,6,C,0.510357142857143,0.10000000000000002,0.20000000000000004
1.88275,40,IN,6,C,0.5538690476190476,0.15815966373141083,0.10937480486839482
1.19075,40,OUT,4,D,0.5292857142857142,0.3181478449190703,0.5879785334698024
0.9015,40,IN,8,T,0.5251785714285715,0.3282982816614839,0.22768124948449375
1.26625,40,OUT,6,K,0.5492857142857143,0.17950446867815367,0.11547005383792516
1.26625,40,OUT,6,V,0.5254285714285715,0.24433756729740655,0.06666666666666668
1.51575,40,IN,6,B,0.5431428571428571,0.2904700538379251,0.1875
0.893,40,OUT,4,S,0.5146428571428571,0.523812629677186,0.4031651759482499
0.8635,40,OUT,4,G,0.5409821428571429,0.12841347034865883,0.31557048308619795
0.8635,40,OUT,4,S,0.5389285714285714,0.14433756729740646,0.1924500897298753
1.53925,40,IN,6,T,0.5235119047619048,0.26833002351550667,0.5132610157988468
1.53925,40,IN,6,R,0.5232142857142857,0.3669313090486465,0.3905252161494154
1.40925,40,IN,8,T,0.5165306122448979,0.2708093429741404,0.3415149749909046
1.20375,40,IN,4,N,0.5348214285714286,0.4819401310833123,0.4902734644166456
1.26525,40,IN,6,K,0.5492857142857143,0.17950446867815367,0.11547005383792516
1.26525,40,IN,6,T,0.5427857142857142,0.4014742878019983,0.4553418012614796
1.26525,40,IN,6,V,0.5254285714285715,0.24433756729740655,0.06666666666666668
1.40075,40,OUT,6,R,0.5321428571428571,0.3757666190284312,0.4541640786499873
5.05475,40,IN,8,B,0.5508928571428572,0.330116920675083,0.25245638646895835
0.982,40,OUT,8,V,0.5213392857142857,0.23536908905838613,0.0777510584910183
1.16775,40,OUT,6,B,0.515,0.16506881797672607,0.25245638646895835
1.39025,40,IN,6,Z,0.5245833333333333,0.19419800747413685,0.10327955589886446
1.36225,40,IN,6,D,0.5544285714285714,0.45573266191263284,0.6311409661723959
2.79375,40,IN,8,G,0.5416836734693878,0.20520957508373833,0.2405626121623441
1.23225,40,IN,8,Z,0.5385204081632653,0.27607842859180987,0.28595941943534914
0.908,40,OUT,8,H,0.5274489795918367,0.40623715875054006,0.0
2.35125,40,OUT,8,Z,0.5320089285714286,0.2910155252201198,0.27343701217098704
1.1115,40,OUT,8,K,0.5271428571428571,0.4195184733896331,0.04811252243246882
1.00175,40,IN,4,N,0.5475892857142857,0.2078689325833263,0.34120226591665964
1.00175,40,IN,4,D,0.48910714285714285,0.0,0.2886751345948129
1.05025,40,OUT,4,D,0.5329464285714286,0.18888888888888888,0.22360679774997896
1.05025,40,OUT,4,N,0.5229464285714287,0.3035612008409864,0.12045142187428504
1.25525,40,IN,8,K,0.5343367346938775,0.24305717349849063,0.1924500897298753
1.30675,40,OUT,6,Z,0.5417857142857143,0.33175198635880593,0.40981796998908565
1.30675,40,OUT,6,Z,0.5265714285714286,0.2780933416876308,0.40981796998908554
0.96975,40,OUT,4,N,0.5580952380952381,0.09622504486493764,0.16060189583238005
0.96975,40,OUT,4,L,0.5328571428571429,0.15922363354357996,0.3054525661853603
0.96975,40,OUT,4,D,0.5079464285714286,0.2635839992954827,0.17430339887498947
1.42025,40,OUT,4,G,0.5660714285714286,0.1924500897298753,0.09622504486493764
1.1065,40,IN,8,F,0.5387755102040817,0.28803302112247703,0.19718372093245481
1.06725,40,OUT,8,N,0.5272767857142857,0.2766712030567451,0.2558816589683741
1.02925,40,OUT,8,N,0.5593367346938776,0.2658043087531387,0.3428342394638622
1.13575,40,IN,4,P,0.5260714285714285,0.2824045318333193,0.0
0.9705,40,OUT,4,L,0.5328571428571429,0.15922363354357996,0.3054525661853603
0.9705,40,OUT,4,D,0.5079464285714286,0.2635839992954827,0.17430339887498947
2.53925,40,IN,8,V,0.5421875,0.22742321063915444,0.1300976575032799
1.0465,40,OUT,4,Z,0.5548809523809525,0.1924500897298753,0.09622504486493764
2.21975,40,IN,4,P,0.49544642857142857,0.2073361559760488,0.2222222222222223
1.32175,40,OUT,4,B,0.5207142857142858,0.2886751345948129,0.44245008972987526
0.74175,40,IN,8,K,0.5241964285714287,0.18662574755818534,0.1364774001802114
0.82375,40,IN,4,K,0.5358333333333335,0.14907119849998599,0.0
0.82375,40,IN,4,H,0.5083035714285715,0.1666666666666667,0.11111111111111115
0.7775,40,IN,6,S,0.5236428571428571,0.3081574679758535,0.4273738819611874
0.86475,40,IN,4,S,0.5474107142857143,0.3569401310833123,0.5229101966249685
0.86475,40,IN,4,S,0.5389285714285714,0.14433756729740646,0.1924500897298753
0.7675,40,IN,6,C,0.5417261904761904,0.30572904313198696,0.30937480486839486
1.49275,40,IN,4,K,0.5375,0.24529624336492362,0.14433756729740646
1.08275,40,OUT,4,K,0.5482142857142857,0.3110042339640731,0.07216878364870323
1.01475,40,IN,8,N,0.5274553571428571,0.2604539421224397,0.38500114431107524
1.01475,40,IN,8,R,0.516173469387755,0.2725614289392595,0.39576611154024716
1.07025,40,IN,6,N,0.5349404761904761,0.31409616441839056,0.41636113749942805
0.91075,40,IN,4,R,0.5045238095238095,0.22360679774997896,0.33541019662496846
0.90925,40,IN,8,F,0.5461224489795918,0.22699153080814663,0.24764812168246178
0.7975,40,IN,4,L,0.4892857142857143,0.0,0.0
0.84425,40,IN,8,L,0.5319047619047619,0.34733017999156035,0.46105043229883086
1.12025,40,OUT,4,L,0.5211607142857143,0.2222222222222223,0.12909944487358058
1.2295,40,IN,6,N,0.5316071428571428,0.6310113295832983,0.6393446629166316
1.272,40,OUT,6,Z,0.5548214285714286,0.12841347034865883,0.2957661115402473
0.894,40,OUT,4,N,0.5590476190476191,0.1924500897298753,0.309673094332366
1.127,40,OUT,4,D,0.48773809523809525,0.22360679774997896,0.42485462156319453
1.127,40,OUT,4,D,0.5370535714285715,0.5173432125828373,0.6349001794597505
1.01725,40,OUT,8,P,0.5167261904761905,0.3209105527919542,0.1666666666666667
0.96775,40,IN,4,B,0.5157142857142858,0.33136253994731063,0.07453559924999299
0.96775,40,IN,4,P,0.5302380952380952,0.3632107338448059,0.4330127018922194
1.1055,40,IN,4,Z,0.5321428571428571,0.4174288365296977,0.40253645704456764
0.9525,40,IN,4,P,0.5140178571428571,0.18888888888888888,0.08333333333333336
0.9525,40,IN,4,P,0.5145238095238095,0.4058981391973037,0.2222222222222223
1.04375,40,OUT,4,C,0.5138095238095238,0.17955837819827095,0.2886751345948129
1.6215,40,OUT,6,K,0.5367857142857143,0.4112328849229825,0.23987174742355447
1.81375,40,OUT,8,C,0.5343367346938775,0.3266466821030249,0.2863473787438439
0.8175,40,IN,8,D,0.5230102040816327,0.28244807355650714,0.4330127018922194
1.1285,40,OUT,8,G,0.5205102040816326,0.2704155537487689,0.37722703835343185
1.002,40,OUT,4,D,0.48910714285714285,0.0,0.2886751345948129
0.97575,40,IN,4,R,0.5033035714285714,0.30546592649810744,0.43879925983144075
0.97575,40,IN,4,V,0.5413095238095238,0.3462250448649376,0.0
0.97575,40,IN,4,D,0.5134523809523809,0.3632107338448059,0.5915212882298613
1.70275,40,IN,8,T,0.5310714285714286,0.21878493227349452,0.24510807380172778
0.9385,40,IN,6,T,0.5325,0.28038659821934236,0.24270813820172815
1.37025,40,OUT,6,V,0.5339880952380952,0.2652098008250844,0.14433756729740646
2.0555,40,OUT,8,L,0.5246938775510205,0.24644888002585444,0.3342634647844766
1.176,40,IN,4,H,0.5236904761904762,0.1924500897298753,0.11111111111111115
1.176,40,IN,4,N,0.5279464285714286,0.30546592649810744,0.43879925983144075
1.9095,40,IN,4,N,0.565,0.3113389981249825,0.37267799624996495
0.63275,40,IN,8,V,0.5448979591836735,0.2933488131230138,0.0
0.8525,40,IN,6,K,0.5377976190476191,0.13429985052988302,0.18213672050459184
0.9245,40,OUT,4,Z,0.5398809523809524,0.14907119849998599,0.26835763802971174
0.97625,40,OUT,4,V,0.5413095238095238,0.3462250448649376,0.0
0.97625,40,OUT,4,D,0.5134523809523809,0.3632107338448059,0.5915212882298613
1.1345,40,IN,4,P,0.5260714285714285,0.2824045318333193,0.0
1.1345,40,IN,4,V,0.5442857142857143,0.14907119849998599,0.0
1.08675,40,OUT,8,D,0.5239880952380952,0.1687263691628379,0.44009821141233707
1.10125,40,IN,6,B,0.5328571428571429,0.25396478404960954,0.3679264403068835
0.8715,40,IN,4,F,0.5427678571428571,0.623606797749979,0.4472135954999579
1.74325,40,OUT,6,R,0.5190178571428572,0.1924500897298753,0.28815652018676924
1.74325,40,OUT,6,Z,0.5432142857142858,0.14433756729740646,0.14433756729740646
1.3705,40,OUT,6,V,0.5339880952380952,0.2652098008250844,0.14433756729740646
3.2765,40,OUT,6,F,0.5180714285714286,0.212837802011487,0.4126477998568793
0.97075,40,OUT,4,L,0.5328571428571429,0.15922363354357996,0.3054525661853603
0.97075,40,OUT,4,D,0.5079464285714286,0.2635839992954827,0.17430339887498947
1.3165,40,OUT,4,T,0.5313095238095238,0.29814239699997197,0.37474143117719994
0.97475,40,OUT,4,R,0.5033035714285714,0.30546592649810744,0.43879925983144075
0.97475,40,OUT,4,N,0.53,0.14433756729740646,0.35270624262355954
1.20725,40,IN,4,P,0.530595238095238,0.399786245705924,0.4553418012614796
1.3355,40,OUT,8,Z,0.5342857142857143,0.28116094718444395,0.36649823277710725
1.18025,40,OUT,4,P,0.5523214285714286,0.0,0.3333333333333334
0.82225,40,OUT,6,S,0.5640714285714286,0.2827350269189626,0.25773502691896255
1.04175,40,OUT,4,R,0.5352678571428572,0.16568126997365532,0.3763531213117797
1.07425,40,OUT,4,C,0.5133928571428572,0.24800564528543081,0.2276709006307398
1.56475,40,IN,6,P,0.5135119047619047,0.28431619186799895,0.3732050807568878
0.99475,40,IN,4,G,0.5064285714285715,0.14433756729740646,0.14433756729740646
0.99475,40,IN,4,S,0.514375,0.19718372093245481,0.31983184261491665
1.321,40,OUT,4,B,0.5207142857142858,0.2886751345948129,0.44245008972987526
1.01975,40,IN,4,V,0.5433928571428571,0.3655626121623441,0.0
1.1835,40,OUT,6,K,0.5273809523809523,0.37700798873161123,0.15922363354357996
0.9645,40,OUT,6,S,0.5353571428571429,0.22373785736416535,0.326582587974125
1.8345,40,OUT,4,F,0.5157142857142858,0.33136253994731063,0.37147218252369274
1.29325,40,OUT,4,S,0.5580357142857142,0.25544867840851765,0.33183756729740643
0.99325,40,IN,4,S,0.514375,0.19718372093245481,0.31983184261491665
0.99325,40,IN,4,V,0.5367857142857142,0.24021055598469174,0.0
1.61075,40,OUT,6,F,0.5315714285714286,0.1949358737117772,0.11547005383792516
1.295,40,IN,8,R,0.5372321428571428,0.2298927215163196,0.2888300378202059
0.863,40,OUT,6,L,0.5489285714285714,0.3104059275497024,0.2752465756994112
1.3045,40,IN,4,P,0.5136607142857144,0.1666666666666667,0.2222222222222223
1.3045,40,IN,4,B,0.5535714285714286,0.12841347034865883,0.17076064411493064
1.14325,40,IN,4,H,0.5504464285714286,0.199893122852962,0.2073361559760488
1.48775,40,IN,6,Z,0.5319047619047619,0.17142448033639457,0.06666666666666668
1.48775,40,IN,6,T,0.5145,0.281545482488785,0.4477227400495667
1.3505,40,IN,8,B,0.5327678571428571,0.2608235530598259,0.33598773341131566
1.0065,40,OUT,4,R,0.5591071428571428,0.22122504486493763,0.2795084971874737
1.06475,40,IN,4,C,0.5489285714285714,0.09622504486493764,0.09622504486493764
0.94975,40,IN,6,Z,0.5103571428571428,0.3751786614678144,0.40253645704456764
0.94975,40,IN,6,V,0.5210714285714286,0.14412633359081503,0.08333333333333336
0.92625,40,OUT,6,B,0.5173571428571428,0.21283780201148703,0.10245638646895838
0.9675,40,IN,4,B,0.5157142857142858,0.33136253994731063,0.07453559924999299
0.9675,40,IN,4,P,0.5302380952380952,0.3632107338448059,0.4330127018922194
0.94125,40,OUT,4,G,0.5221428571428571,0.11111111111111115,0.26698568897986824
2.8255,40,OUT,6,B,0.5252142857142857,0.14433756729740646,0.32320508075688775
0.9805,40,IN,4,L,0.5142857142857142,0.17820367723801736,0.14907119849998599
0.9805,40,IN,4,N,0.5310714285714285,0.43879925983144075,0.5290994448735805
1.1875,40,OUT,6,Z,0.5332142857142858,0.21934463569597043,0.2943479161511604
1.4125,40,IN,6,H,0.5386309523809524,0.17765582194041532,0.13333333333333336
1.07825,40,OUT,4,F,0.5119047619047619,0.14907119849998599,0.24529624336492362
1.74325,40,IN,6,R,0.5190178571428572,0.1924500897298753,0.28815652018676924
1.74325,40,IN,6,Z,0.5432142857142858,0.14433756729740646,0.14433756729740646
1.8125,40,IN,8,C,0.5343367346938775,0.3266466821030249,0.2863473787438439
1.8125,40,IN,8,G,0.5353061224489796,0.2901097713888823,0.2103803220574653
1.3675,40,IN,4,H,0.5066071428571428,0.15414425940230467,0.0
1.448,40,IN,6,C,0.5182738095238094,0.31678577431187627,0.2943479161511604
0.93225,40,IN,4,R,0.5432142857142858,0.378629576698257,0.4157378651666526
0.93225,40,IN,4,B,0.5391666666666667,0.07453559924999299,0.11180339887498948
1.07975,40,OUT,6,D,0.5325,0.13274209531752654,0.26264779985687936
0.8195,40,IN,6,G,0.5102380952380953,0.29312806274846714,0.3911315210637713
1.06575,40,OUT,6,R,0.5093571428571428,0.2666666666666667,0.20655911179772893
0.9535,40,OUT,4,P,0.5145238095238095,0.4058981391973037,0.2222222222222223
1.026,40,OUT,8,N,0.5287053571428572,0.25286167924722125,0.2558816589683741
1.1725,40,OUT,4,D,0.5592857142857143,0.25,0.5
